playerID,name,position,age,PER,usage%,gp,yr,draftyr
arizipa01,Paul Arizin,SMALL FORWARD,23,25.5,0.0,66,1952,1952
cliftna01,Nat Clifton,POWER FORWARD,29,16.4,0.0,62,1952,1952
colemja01,Jack Coleman,POWER FORWARD,30,18.2,0.0,72,1955,1952
cousybo01,Bob Cousy,POINT GUARD,24,21.7,0.0,71,1953,1952
foustla01,Larry Foust,CENTER,27,23.8,0.0,72,1956,1952
gallaha01,Harry Gallatin,POWER FORWARD,26,24.1,0.0,72,1954,1952
grabojo01,Joe Graboski,CENTER,22,17.3,0.0,66,1952,1952
hannual01,Alex Hannum,POWER FORWARD,29,9.6,0.0,68,1953,1952
harribo02,Bob Harrison,SHOOTING GUARD,25,10.5,0.0,70,1953,1952
hitchle01,Lew Hitch,POWER FORWARD,24,14.9,0.0,72,1954,1952
hutchme01,Mel Hutchins,CENTER,24,17.3,0.0,71,1953,1952
johnsne01,Neil Johnston,CENTER,27,26.6,0.0,69,1957,1952
kingge01,George King,POINT GUARD,23,16.6,0.0,66,1952,1952
macaued01,Ed Macauley,CENTER,24,24.3,0.0,69,1953,1952
martisl01,Slater Martin,POINT GUARD,29,14.1,0.0,72,1955,1952
mcguidi01,Dick McGuire,POINT GUARD,26,18.9,0.0,64,1952,1952
mikkeve01,Vern Mikkelsen,POWER FORWARD,23,21.9,0.0,66,1952,1952
phillan01,Andy Phillip,POINT GUARD,31,16.0,0.0,71,1954,1952
risenar01,Arnie Risen,CENTER,27,20.6,0.0,66,1952,1952
schaydo01,Dolph Schayes,POWER FORWARD,24,25.4,0.0,71,1953,1952
seymopa01,Paul Seymour,SHOOTING GUARD,26,16.2,0.0,71,1954,1952
sharech01,Chuck Share,CENTER,27,22.0,0.0,69,1955,1952
sharmbi01,Bill Sharman,SHOOTING GUARD,26,19.8,0.0,71,1953,1952
skoogwh01,Whitey Skoog,SHOOTING GUARD,29,11.9,0.0,72,1956,1953
spearod01,Odie Spears,SMALL FORWARD,28,17.2,0.0,62,1953,1952
wanzebo01,Bobby Wanzer,SHOOTING GUARD,30,19.9,0.0,66,1952,1952
braunca01,Carl Braun,SHOOTING GUARD,26,17.8,0.0,72,1954,1953
conlege01,Gene Conley,POWER FORWARD,30,11.0,0.0,75,1961,1959
lloydea01,Earl Lloyd,SMALL FORWARD,25,12.4,0.0,72,1954,1953
mcmahja01,Jack McMahon,POINT GUARD,25,14.9,0.0,71,1954,1953
nichoja01,Jack Nichols,POWER FORWARD,26,16.8,0.0,69,1953,1953
becker01,Ernie Beck,SHOOTING GUARD,26,12.7,0.0,71,1958,1956
felixra01,Ray Felix,CENTER,23,22.9,0.0,72,1954,1954
georgja01,Jack George,POINT GUARD,27,13.6,0.0,72,1956,1954
kenvibi01,Billy Kenville,POINT GUARD,25,16.0,0.0,72,1956,1954
lovelcl01,Clyde Lovellette,CENTER,26,23.5,0.0,71,1956,1954
yardlge01,George Yardley,SMALL FORWARD,29,23.3,0.0,72,1958,1954
costela01,Larry Costello,POINT GUARD,29,17.2,0.0,75,1961,1957
kerrre01,Red Kerr,CENTER,26,19.4,0.0,72,1959,1955
palazto01,Togo Palazzi,SMALL FORWARD,25,15.8,0.0,67,1958,1955
pettibo01,Bob Pettit,POWER FORWARD,26,28.2,0.0,72,1959,1955
ramsefr01,Frank Ramsey,SHOOTING GUARD,26,19.5,0.0,69,1958,1955
selvyfr01,Frank Selvy,SHOOTING GUARD,26,13.8,0.0,68,1959,1959
shuege01,Gene Shue,POINT GUARD,29,15.9,0.0,78,1961,1955
conlied01,Ed Conlin,SMALL FORWARD,24,15.8,0.0,60,1958,1956
dukeswa01,Walter Dukes,CENTER,30,16.3,0.0,73,1961,1956
ferraal01,Al Ferrari,SHOOTING GUARD,26,11.2,0.0,71,1960,1956
garmadi01,Dick Garmaker,SHOOTING GUARD,24,16.6,0.0,72,1957,1956
golato01,Tom Gola,SHOOTING GUARD,25,18.3,0.0,59,1958,1956
loscuji01,Jim Loscutoff,SMALL FORWARD,25,12.7,0.0,71,1956,1956
noblech01,Chuck Noble,SHOOTING GUARD,25,10.9,0.0,54,1957,1956
searske01,Kenny Sears,POWER FORWARD,25,22.6,0.0,71,1959,1956
twymaja01,Jack Twyman,SMALL FORWARD,24,21.3,0.0,72,1959,1956
biancal01,Al Bianchi,SHOOTING GUARD,30,12.5,0.0,61,1963,1957
greensi01,Si Green,POINT GUARD,30,11.6,0.0,75,1964,1959
gueriri01,Richie Guerin,SHOOTING GUARD,31,24.3,0.0,80,1964,1957
hagancl01,Cliff Hagan,SMALL FORWARD,27,22.7,0.0,72,1959,1957
heinsto01,Tom Heinsohn,POWER FORWARD,27,20.0,0.0,79,1962,1957
jordoph01,Phil Jordon,POWER FORWARD,25,16.8,0.0,72,1959,1958
leonasl01,Slick Leonard,POINT GUARD,29,12.2,0.0,70,1962,1957
mccarjo01,Johnny McCarthy,POINT GUARD,24,10.5,0.0,47,1959,1957
naullwi01,Willie Naulls,SMALL FORWARD,25,20.0,0.0,65,1960,1957
paxsoji02,Jim Paxson,SHOOTING GUARD,25,20.1,25.1,81,1983,1957
piontda01,Dave Piontek,SMALL FORWARD,22,13.4,0.0,71,1957,1957
russebi01,Bill Russell,CENTER,23,22.8,0.0,69,1958,1957
hundlho01,Hot Rod Hundley,SHOOTING GUARD,25,12.9,0.0,73,1960,1958
jonessa01,Sam Jones,SHOOTING GUARD,32,21.7,0.0,67,1966,1958
krebsji01,Jim Krebs,CENTER,22,14.2,0.0,68,1958,1958
sauldwo01,Woody Sauldsberry,CENTER,24,10.8,0.0,72,1959,1958
bayloel01,Elgin Baylor,SMALL FORWARD,26,28.2,0.0,73,1961,1959
bockhbu01,Bucky Bockhorn,SHOOTING GUARD,26,11.3,0.0,75,1960,1959
cableba01,Barney Cable,SMALL FORWARD,25,11.4,0.0,75,1961,1960
dierkco01,Connie Dierking,CENTER,32,16.1,0.0,82,1969,1959
embrywa01,Wayne Embry,CENTER,25,18.2,0.0,76,1963,1959
farmemi01,Mike Farmer,SMALL FORWARD,26,12.0,0.0,80,1963,1959
gambeda01,Dave Gambee,POWER FORWARD,30,17.3,0.0,80,1968,1960
greerha01,Hal Greer,SHOOTING GUARD,27,17.7,0.0,80,1964,1959
joneskc01,K.C. Jones,POINT GUARD,27,12.6,0.0,74,1960,1959
reedhu01,Hub Reed,CENTER,22,11.5,0.0,65,1959,1959
rodgegu01,Guy Rodgers,POINT GUARD,31,17.9,0.0,81,1967,1959
barnedi01,Dick Barnett,SHOOTING GUARD,29,18.4,0.0,75,1966,1960
chambwi01,Wilt Chamberlain,CENTER,26,31.8,0.0,80,1963,1960
ferrybo01,Bob Ferry,CENTER,24,17.0,0.0,80,1962,1960
greenjo01,Johnny Green,POWER FORWARD,37,19.4,0.0,75,1971,1960
hawkito01,Tom Hawkins,SMALL FORWARD,26,14.0,0.0,79,1963,1960
howelba01,Bailey Howell,SMALL FORWARD,26,21.6,0.0,79,1963,1960
larusru01,Rudy LaRusso,POWER FORWARD,30,17.5,0.0,79,1968,1960
attleal01,Al Attles,POINT GUARD,29,13.2,0.0,79,1966,1961
boozebo01,Bob Boozer,POWER FORWARD,31,19.9,0.0,79,1969,1961
imhofda01,Darrall Imhoff,CENTER,31,15.5,0.0,79,1970,1961
leege01,George Lee,SMALL FORWARD,24,14.6,0.0,74,1961,1961
ohldo01,Don Ohl,SHOOTING GUARD,30,15.3,0.0,58,1967,1961
roberos01,Oscar Robertson,POINT GUARD,25,27.6,0.0,79,1964,1961
sandeto01,Tom Sanders,POWER FORWARD,27,13.6,0.0,72,1966,1961
westje01,Jerry West,POINT GUARD,26,25.0,0.0,74,1965,1961
wilkele01,Lenny Wilkens,POINT GUARD,34,20.3,0.0,80,1972,1961
bellawa01,Walt Bellamy,CENTER,22,26.3,0.0,79,1962,1962
eganjo01,Johnny Egan,POINT GUARD,26,15.4,0.0,74,1965,1962
meschto01,Tom Meschery,SMALL FORWARD,25,14.8,0.0,80,1964,1962
neumapa01,Paul Neumann,POINT GUARD,28,14.8,0.0,66,1966,1962
scottra01,Ray Scott,POWER FORWARD,27,17.1,0.0,79,1966,1962
smithad01,Adrian Smith,SHOOTING GUARD,32,13.5,0.0,73,1969,1962
barnhjo01,John Barnhill,SHOOTING GUARD,24,11.7,0.0,77,1963,1963
beatyze01,Zelmo Beaty,CENTER,28,19.3,0.0,82,1968,1963
bridgbi01,Bill Bridges,POWER FORWARD,27,16.8,0.0,79,1967,1964
chapple01,Len Chappell,POWER FORWARD,27,18.55,0.0,67,1968,1963
debusda01,Dave DeBusschere,POWER FORWARD,24,17.4,0.0,79,1965,1963
dischte01,Terry Dischinger,SMALL FORWARD,22,20.8,0.0,57,1963,1963
ellisle01,Leroy Ellis,CENTER,30,15.6,0.0,74,1971,1963
havlijo01,John Havlicek,SMALL FORWARD,30,20.8,0.0,81,1971,1963
loughke01,Kevin Loughery,SHOOTING GUARD,29,15.9,0.0,55,1970,1963
nelsodo01,Don Nelson,POWER FORWARD,29,18.5,0.0,82,1970,1963
olsenbu01,Bud Olsen,POWER FORWARD,24,13.0,0.0,79,1965,1963
tormobu01,Gene Tormohlen,CENTER,28,15.4,0.0,71,1966,1964
walkech01,Chet Walker,SMALL FORWARD,31,21.8,0.0,78,1972,1963
johnsgu01,Gus Johnson,POWER FORWARD,32,18.9,0.0,66,1971,1964
kingji01,Jim King,POINT GUARD,26,14.6,0.0,54,1968,1964
kojisdo01,Don Kojis,SMALL FORWARD,30,16.7,0.0,81,1969,1964
lucasje01,Jerry Lucas,POWER FORWARD,24,20.9,0.0,66,1965,1964
milesed01,Eddie Miles,SHOOTING GUARD,27,16.6,0.0,76,1968,1964
siegfla01,Larry Siegfried,POINT GUARD,26,16.5,0.0,71,1966,1965
thornro01,Rod Thorn,SHOOTING GUARD,26,17.4,0.0,66,1968,1964
thurmna01,Nate Thurmond,CENTER,26,19.0,0.0,51,1968,1964
abdulma01,Walt Hazzard,POINT GUARD,25,19.4,0.0,79,1968,1965
barneji01,Jim Barnes,POWER FORWARD,23,13.7,0.0,75,1965,1965
bryanem01,Em Bryant,POINT GUARD,27,13.1,0.0,71,1966,1965
caldwjo01,Joe Caldwell,SHOOTING GUARD,28,17.3,0.0,82,1970,1965
countme01,Mel Counts,POWER FORWARD,26,18.4,0.0,82,1968,1965
hairsha01,Happy Hairston,POWER FORWARD,27,18.9,0.0,70,1970,1965
jackslu01,Luke Jackson,POWER FORWARD,23,15.2,0.0,76,1965,1965
joneswa02,Wali Jones,POINT GUARD,27,14.0,0.0,78,1970,1965
komivho01,Howard Komives,POINT GUARD,25,13.0,0.0,65,1967,1965
mclemmc01,McCoy McLemore,SMALL FORWARD,24,13.5,0.0,79,1967,1965
mullije01,Jeff Mullins,SHOOTING GUARD,26,18.9,0.0,78,1969,1965
reedwi01,Willis Reed,CENTER,26,21.4,0.0,82,1969,1965
silaspa01,Paul Silas,POWER FORWARD,28,18.3,0.0,80,1972,1965
tresvjo01,John Tresvant,POWER FORWARD,31,17.25,0.0,75,1971,1966
wilsoge01,George Wilson,CENTER,26,13.55,0.0,79,1969,1966
barryri01,Rick Barry,SMALL FORWARD,22,24.2,0.0,78,1967,1966
clemeba01,Barry Clemens,SMALL FORWARD,29,14.9,0.0,72,1973,1966
cunnibi01,Billy Cunningham,SMALL FORWARD,28,21.3,0.0,75,1972,1966
erickke01,Keith Erickson,SMALL FORWARD,29,15.3,0.0,66,1974,1966
goodrga01,Gail Goodrich,SHOOTING GUARD,28,20.1,0.0,82,1972,1966
hetzefr01,Fred Hetzel,SMALL FORWARD,25,15.8,0.0,77,1968,1966
mcglojo01,Jon McGlocklin,SHOOTING GUARD,25,16.7,0.0,80,1969,1966
sloanje01,Jerry Sloan,SHOOTING GUARD,26,14.9,0.0,78,1969,1966
stallda01,Dave Stallworth,SMALL FORWARD,24,16.3,0.0,80,1966,1966
vanardi01,Dick Van Arsdale,SHOOTING GUARD,27,16.5,0.0,81,1971,1966
vanarto01,Tom Van Arsdale,SMALL FORWARD,26,16.3,0.0,71,1970,1966
washiji01,Jim Washington,CENTER,24,14.7,0.0,82,1968,1966
weissbo01,Bob Weiss,POINT GUARD,25,15.8,0.0,82,1968,1968
barneji02,Jim Barnett,SHOOTING GUARD,26,17.0,0.0,78,1971,1967
bingda01,Dave Bing,POINT GUARD,27,22.5,0.0,82,1971,1967
blockjo01,John Block,CENTER,23,17.1,0.0,52,1968,1968
clarkar01,Archie Clark,POINT GUARD,30,22.65,0.0,77,1972,1967
ellisjo01,Joe Ellis,SMALL FORWARD,24,13.6,0.0,74,1969,1967
finkeha01,Hank Finkel,CENTER,25,17.5,0.0,53,1968,1968
guokama02,Matt Guokas,SHOOTING GUARD,28,11.2,0.0,79,1973,1967
hudsolo01,Lou Hudson,SMALL FORWARD,29,19.5,0.0,65,1974,1967
kimbato01,Toby Kimball,POWER FORWARD,31,13.9,0.0,75,1974,1968
leecl01,Clyde Lee,CENTER,26,14.8,0.0,82,1971,1967
lovebo01,Bob Love,POWER FORWARD,28,17.0,0.0,81,1971,1967
marinja01,Jack Marin,SMALL FORWARD,27,18.2,0.0,78,1972,1967
mueller01,Erwin Mueller,CENTER,22,13.3,0.0,80,1967,1967
murredo01,Dorie Murrey,POWER FORWARD,27,13.25,0.0,71,1971,1968
robinfl01,Flynn Robinson,POINT GUARD,28,19.3,0.0,81,1970,1967
russeca01,Cazzie Russell,SMALL FORWARD,29,17.6,0.0,82,1974,1967
snydedi01,Dick Snyder,SHOOTING GUARD,26,17.4,0.0,82,1971,1967
weslewa01,Walt Wesley,CENTER,26,17.1,0.0,82,1971,1967
bradlbi01,Bill Bradley,SMALL FORWARD,29,13.8,0.0,82,1973,1968
davisji01,Jim Davis,CENTER,27,17.3,0.0,78,1969,1968
foxji01,Jim Fox,CENTER,27,19.5,0.0,82,1971,1968
fraziwa01,Walt Frazier,POINT GUARD,26,21.6,0.0,77,1972,1968
haskicl01,Clem Haskins,SHOOTING GUARD,26,16.5,0.0,82,1970,1968
jacksph01,Phil Jackson,POWER FORWARD,28,15.0,0.0,82,1974,1968
mckenst01,Stan McKenzie,SMALL FORWARD,27,16.0,0.0,82,1972,1968
monroea01,Earl Monroe,SHOOTING GUARD,23,19.3,0.0,82,1968,1968
rileypa01,Pat Riley,SMALL FORWARD,29,12.4,0.0,46,1975,1968
rulebo01,Bob Rule,CENTER,24,18.6,0.0,82,1969,1968
turnebi01,Bill Turner,SMALL FORWARD,24,12.2,0.0,79,1969,1968
walkeji01,Jimmy Walker,SHOOTING GUARD,25,16.4,0.0,81,1970,1968
wetzejo01,John Wetzel,SHOOTING GUARD,30,12.2,0.0,63,1975,1971
williar01,Art Williams,POINT GUARD,30,15.2,0.0,80,1970,1968
abdulza01,Zaid Abdul-Aziz,CENTER,28,17.1,0.0,65,1975,1969
adelmri01,Rick Adelman,POINT GUARD,24,13.4,0.0,81,1971,1969
boerwto01,Tom Boerwinkle,CENTER,25,20.4,0.0,82,1971,1969
chanedo01,Don Chaney,SHOOTING GUARD,26,13.6,0.0,79,1973,1970
cunnidi01,Dick Cunningham,CENTER,24,11.7,0.0,76,1971,1969
fostefr01,Fred Foster,SMALL FORWARD,23,12.4,0.0,74,1970,1969
hayesel01,Elvin Hayes,POWER FORWARD,31,19.8,0.0,82,1977,1969
hewitbi01,Bill Hewitt,POWER FORWARD,24,11.2,0.0,75,1969,1969
kauffbo01,Bob Kauffman,POWER FORWARD,24,20.9,0.0,78,1971,1969
lantzst01,Stu Lantz,SHOOTING GUARD,24,16.8,0.0,82,1971,1969
maydo01,Don May,SMALL FORWARD,25,17.1,0.0,76,1971,1969
mooreot01,Otto Moore,CENTER,23,14.3,0.0,81,1970,1969
riordmi01,Mike Riordan,SMALL FORWARD,27,15.6,0.0,82,1973,1969
schluda01,Dale Schlueter,CENTER,26,15.8,0.0,81,1972,1970
smithgr02,Greg Smith,CENTER,22,16.1,14.7,70,2013,1969
unselwe01,Wes Unseld,CENTER,22,18.1,0.0,82,1969,1969
williro01,Ron Williams,POINT GUARD,26,14.6,0.0,82,1971,1969
willisa02,Sam Williams,POWER FORWARD,23,15.6,16.8,75,1983,1969
abdulka01,Kareem Abdul-Jabbar,CENTER,24,29.9,0.0,81,1972,1970
allenlu01,Lucius Allen,POINT GUARD,26,18.8,0.0,72,1974,1970
beardbu01,Butch Beard,POINT GUARD,27,16.1,0.0,82,1975,1970
cartefr01,Fred Carter,POINT GUARD,29,15.9,0.0,77,1975,1970
dandrbo01,Bob Dandridge,SMALL FORWARD,28,19.1,0.0,73,1976,1970
gillihe01,Herm Gilliam,SHOOTING GUARD,28,16.2,0.0,60,1975,1970
greenla01,Lamar Green,POWER FORWARD,24,12.1,0.0,67,1972,1970
hawkico01,Connie Hawkins,SMALL FORWARD,27,19.7,0.0,81,1970,1970
kuberst01,Steve Kuberski,POWER FORWARD,23,11.8,0.0,82,1971,1970
mixst01,Steve Mix,SMALL FORWARD,33,19.7,23.4,72,1981,1974
roberri01,Rick Roberson,CENTER,26,16.1,0.0,69,1974,1970
smithbi02,Bingo Smith,SHOOTING GUARD,26,16.3,0.0,73,1973,1970
vanlino01,Norm Van Lier,SHOOTING GUARD,23,16.2,0.0,82,1971,1970
walkne01,Neal Walk,CENTER,25,19.1,0.0,82,1974,1970
whitejo01,Jo Jo White,POINT GUARD,24,16.2,0.0,75,1971,1970
winfile01,Lee Winfield,POINT GUARD,23,15.2,0.0,79,1971,1970
adamsdo01,Don Adams,SMALL FORWARD,29,11.7,0.0,77,1977,1971
architi01,Tiny Archibald,POINT GUARD,24,25.2,0.0,80,1973,1971
awtrede01,Dennis Awtrey,CENTER,22,13.5,0.0,70,1971,1971
cowenda01,Dave Cowens,CENTER,26,19.3,0.0,65,1975,1971
haywosp01,Spencer Haywood,POWER FORWARD,23,22.7,0.0,77,1973,1972
heardga01,Gar Heard,POWER FORWARD,25,16.0,0.0,81,1974,1971
hummejo01,John Hummer,CENTER,22,12.0,0.0,81,1971,1971
johnsge03,George Johnson,POWER FORWARD,24,17.4,22.9,43,1981,1973
johnsjo01,John Johnson,SMALL FORWARD,26,16.8,0.0,69,1974,1971
laceysa01,Sam Lacey,CENTER,25,17.5,0.0,79,1974,1971
laniebo01,Bob Lanier,CENTER,29,24.8,25.7,63,1978,1971
maravpe01,Pete Maravich,SHOOTING GUARD,28,20.5,0.0,62,1976,1971
mcmilji01,Jim McMillian,SMALL FORWARD,25,15.6,0.0,82,1974,1971
murphca01,Calvin Murphy,POINT GUARD,25,20.0,0.0,81,1974,1971
perrycu01,Curtis Perry,POWER FORWARD,26,17.1,0.0,79,1975,1972
petrige01,Geoff Petrie,POINT GUARD,25,17.4,0.0,73,1974,1971
tomjaru01,Rudy Tomjanovich,SMALL FORWARD,25,20.5,0.0,80,1974,1971
warneco01,Cornell Warner,CENTER,24,13.15,0.0,72,1973,1971
brownfr01,Fred Brown,SHOOTING GUARD,27,20.4,0.0,76,1976,1973
carrau01,Austin Carr,SHOOTING GUARD,26,18.9,0.0,41,1975,1972
cheniph01,Phil Chenier,SHOOTING GUARD,24,17.7,0.0,77,1975,1972
cleamji01,Jim Cleamons,POINT GUARD,26,14.9,0.0,82,1976,1973
meminde01,Dean Meminger,POINT GUARD,26,13.9,0.0,80,1975,1972
mengejo01,John Mengelt,SHOOTING GUARD,26,19.4,0.0,67,1976,1972
newlimi01,Mike Newlin,SHOOTING GUARD,31,17.7,26.8,78,1980,1972
norwowi01,Willie Norwood,SMALL FORWARD,25,15.8,0.0,79,1973,1972
porteho01,Howard Porter,POWER FORWARD,24,15.7,0.0,43,1973,1972
raycl01,Clifford Ray,CENTER,24,17.4,0.0,73,1973,1972
rowecu01,Curtis Rowe,POWER FORWARD,23,15.6,0.0,81,1973,1972
scottch01,Charlie Scott,POINT GUARD,24,19.0,0.0,81,1973,1973
smithel01,Elmore Smith,CENTER,28,19.9,21.6,81,1978,1972
smithra01,Randy Smith,SHOOTING GUARD,29,19.1,26.8,82,1978,1972
steella01,Larry Steele,SHOOTING GUARD,27,16.3,0.0,81,1977,1972
trappge01,George Trapp,POWER FORWARD,27,15.6,0.0,76,1976,1972
wickssi01,Sidney Wicks,POWER FORWARD,23,20.3,0.0,80,1973,1972
willina01,Nate Williams,SHOOTING GUARD,24,17.8,0.0,85,1975,1972
wohlda01,Dave Wohl,POINT GUARD,24,13.4,0.0,67,1974,1972
bibbyhe01,Henry Bibby,POINT GUARD,24,15.7,0.0,66,1974,1973
boydfr01,Freddie Boyd,POINT GUARD,26,12.6,0.0,47,1977,1973
calhoco01,Corky Calhoun,SMALL FORWARD,24,11.2,0.0,70,1975,1973
dudlech01,Charles Dudley,POINT GUARD,25,16.1,0.0,82,1976,1975
fordch01,Chris Ford,SHOOTING GUARD,28,14.6,0.0,82,1977,1973
gianejo01,John Gianelli,CENTER,23,13.0,0.0,70,1974,1973
johnsch01,Charles Johnson,POINT GUARD,26,14.2,0.0,81,1976,1973
johnsol01,Ollie Johnson,SMALL FORWARD,28,13.9,18.5,82,1978,1973
mcadobo01,Bob McAdoo,CENTER,23,25.8,0.0,82,1975,1973
nealll01,Lloyd Neal,POWER FORWARD,27,19.8,24.0,61,1978,1973
porteke01,Kevin Porter,POINT GUARD,28,17.2,19.4,82,1979,1973
priceji01,Jim Price,POINT GUARD,25,17.55,0.0,50,1975,1973
westppa01,Paul Westphal,SHOOTING GUARD,27,23.8,30.9,80,1978,1973
bantomi01,Mike Bantom,POWER FORWARD,25,16.5,0.0,77,1977,1974
behagro01,Ron Behagen,POWER FORWARD,25,16.3,0.0,66,1976,1974
breweji01,Jim Brewer,POWER FORWARD,24,14.9,0.0,82,1976,1974
bristal01,Allan Bristow,SMALL FORWARD,28,16.6,20.0,82,1980,1974
brownjo01,John Brown,SMALL FORWARD,23,13.9,0.0,73,1975,1974
colemec01,E.C. Coleman,POWER FORWARD,23,11.3,0.0,58,1974,1974
collido01,Doug Collins,SHOOTING GUARD,26,16.9,22.1,79,1978,1975
jonesdw01,Dwight Jones,CENTER,23,15.0,0.0,66,1976,1974
kunneke01,Kevin Kunnert,CENTER,23,17.7,0.0,75,1975,1974
mcneila01,Larry McNeill,POWER FORWARD,23,20.9,0.0,54,1974,1974
washike01,Kermit Washington,POWER FORWARD,28,18.2,16.8,80,1980,1974
wattssl01,Slick Watts,POINT GUARD,24,17.2,0.0,82,1976,1974
weathni01,Nick Weatherspoon,SMALL FORWARD,25,15.8,0.0,64,1976,1974
burleto01,Tom Burleson,CENTER,23,17.8,0.0,82,1976,1975
catchha01,Harvey Catchings,CENTER,26,11.2,12.5,61,1978,1976
choneji01,Jim Chones,CENTER,25,16.1,0.0,72,1975,1975
drewjo01,John Drew,SMALL FORWARD,21,25.3,0.0,77,1976,1975
hawesst01,Steve Hawes,CENTER,24,16.7,0.0,55,1975,1975
hendeto01,Tom Henderson,POINT GUARD,25,14.95,0.0,87,1977,1975
johnsmi01,Mickey Johnson,POWER FORWARD,27,20.3,25.9,82,1980,1976
moneyer01,Eric Money,POINT GUARD,20,16.3,0.0,80,1976,1975
restake01,Kevin Restani,SMALL FORWARD,28,13.9,17.8,82,1980,1975
robintr01,Truck Robinson,POWER FORWARD,25,17.0,0.0,77,1977,1975
russeca02,Campy Russell,SMALL FORWARD,24,19.0,0.0,82,1976,1975
smithph01,Phil Smith,SHOOTING GUARD,23,18.4,0.0,82,1976,1975
stacoke01,Kevin Stacom,SHOOTING GUARD,23,12.0,0.0,61,1975,1975
walkefo01,Foots Walker,POINT GUARD,25,16.0,0.0,62,1977,1975
waltobi01,Bill Walton,CENTER,25,24.8,24.5,58,1978,1976
wedmasc01,Scott Wedman,SMALL FORWARD,26,16.9,19.6,73,1979,1975
wilkeja01,Jamaal Wilkes,SMALL FORWARD,27,18.0,24.5,81,1981,1975
wintebr01,Brian Winters,SHOOTING GUARD,24,16.6,0.0,78,1977,1975
adamsal01,Alvan Adams,CENTER,21,21.7,0.0,80,1976,1976
bosweto01,Tom Boswell,POWER FORWARD,25,14.6,16.0,79,1979,1977
bridgju01,Junior Bridgeman,SHOOTING GUARD,25,18.8,25.8,82,1979,1976
bryanjo01,Joe Bryant,POWER FORWARD,22,14.1,0.0,61,1977,1976
dawkida01,Darryl Dawkins,CENTER,29,19.5,23.0,51,1986,1977
fernser01,Eric Fernsten,POWER FORWARD,26,14.4,18.1,56,1980,1980
forddo01,Don Ford,POWER FORWARD,24,11.7,0.0,82,1977,1976
freewo01,World B. Free,SHOOTING GUARD,26,22.7,32.7,68,1980,1976
greveke01,Kevin Grevey,SMALL FORWARD,24,15.5,25.2,81,1978,1976
grossbo01,Bob Gross,SMALL FORWARD,24,16.9,18.0,72,1978,1976
hollili01,Lionel Hollins,POINT GUARD,23,15.6,0.0,76,1977,1976
kelleri01,Rich Kelley,CENTER,25,19.9,19.2,80,1979,1976
lambejo01,John Lambert,POWER FORWARD,28,16.3,25.75,46,1981,1976
mcelrji01,Jim McElroy,POINT GUARD,25,16.2,21.0,79,1979,1976
mcginge01,George McGinnis,POWER FORWARD,25,21.3,0.0,77,1976,1976
mcmilto01,Tom McMillen,CENTER,27,14.2,18.8,53,1980,1976
meriwjo01,Joe Meriweather,CENTER,23,14.5,0.0,74,1977,1976
robinbi01,Bill Robinzine,POWER FORWARD,26,16.4,19.8,82,1979,1976
soberri01,Ricky Sobers,SHOOTING GUARD,24,16.5,0.0,79,1977,1976
willigu01,Gus Williams,POINT GUARD,28,21.8,28.5,80,1982,1976
willobi01,Bill Willoughby,SMALL FORWARD,18,13.8,0.0,62,1976,1976
bucknqu01,Quinn Buckner,POINT GUARD,25,16.5,20.4,67,1980,1977
busedo01,Don Buse,POINT GUARD,31,14.8,13.7,82,1982,1977
carrml01,M.L. Carr,SMALL FORWARD,28,16.3,18.9,80,1979,1977
dantlad01,Adrian Dantley,SMALL FORWARD,28,24.6,28.2,79,1984,1977
davisjo01,Johnny Davis,SHOOTING GUARD,27,16.8,21.9,53,1983,1977
dietrco01,Coby Dietrick,CENTER,30,13.9,13.6,76,1979,1977
douglle01,Leon Douglas,CENTER,23,13.6,19.5,79,1978,1977
dunlemi02,Mike Dunleavy,SHOOTING GUARD,27,17.3,21.8,82,2008,1979
elmorle01,Len Elmore,CENTER,25,12.5,14.6,69,1978,1978
englial01,Alex English,SMALL FORWARD,29,24.1,28.9,82,1983,1977
ervinju01,Julius Erving,SMALL FORWARD,31,25.9,28.1,81,1982,1977
galemi01,Mike Gale,SHOOTING GUARD,26,13.9,0.0,82,1977,1977
gervige01,George Gervin,SHOOTING GUARD,25,24.7,29.5,82,1978,1977
gilmoar01,Artis Gilmore,CENTER,28,23.5,25.3,82,1978,1977
griffpa01,Paul Griffin,POWER FORWARD,27,13.8,11.7,82,1981,1977
hillar01,Armond Hill,POINT GUARD,23,11.9,0.0,81,1977,1977
isselda01,Dan Issel,CENTER,33,23.1,26.0,81,1982,1977
johnsde01,Dennis Johnson,POINT GUARD,26,17.0,24.6,79,1981,1977
jonesbo01,Bobby Jones,POWER FORWARD,25,21.1,0.0,82,1977,1977
jonesca01,Caldwell Jones,CENTER,28,13.4,15.5,78,1979,1977
kenonla01,Larry Kenon,POWER FORWARD,24,19.8,0.0,78,1977,1977
knighbi01,Billy Knight,SMALL FORWARD,24,20.1,0.0,78,1977,1977
kupchmi01,Mitch Kupchak,POWER FORWARD,24,19.4,22.3,66,1979,1977
leero01,Ron Lee,POINT GUARD,25,16.2,24.5,82,1978,1977
lloydsc01,Scott Lloyd,CENTER,24,11.2,0.0,69,1977,1977
lucasjo01,John Lucas,POINT GUARD,33,19.4,23.8,43,1987,1977
lucasma01,Maurice Lucas,POWER FORWARD,26,18.4,25.5,69,1979,1977
malonmo01,Moses Malone,CENTER,26,26.8,29.9,81,1982,1977
maysc01,Scott May,SMALL FORWARD,26,17.2,23.7,63,1981,1977
natersw01,Swen Nater,CENTER,27,19.1,0.0,72,1977,1977
olberma01,Mark Olberding,SMALL FORWARD,24,14.8,17.4,82,1981,1977
owensto01,Tom Owens,CENTER,29,19.9,21.5,82,1979,1977
parisro01,Robert Parish,CENTER,27,25.2,27.1,82,1981,1977
parkeso01,Sonny Parker,SMALL FORWARD,22,17.4,18.7,82,1978,1977
paultbi01,Billy Paultz,CENTER,29,19.8,20.0,80,1978,1977
robisda01,Dave Robisch,CENTER,30,17.2,17.6,82,1980,1977
roundda01,Dan Roundfield,POWER FORWARD,27,20.7,22.3,63,1981,1977
sheltlo01,Lonnie Shelton,POWER FORWARD,22,17.4,21.8,82,1978,1977
silasja01,James Silas,POINT GUARD,31,19.4,26.1,75,1981,1979
taylobr01,Brian Taylor,POINT GUARD,25,17.6,0.0,72,1977,1977
thompda01,David Thompson,SHOOTING GUARD,23,23.2,26.8,80,1978,1977
vanbrja01,Jan van Breda Kolff,SMALL FORWARD,25,12.0,0.0,72,1977,1977
walkewa01,Wally Walker,SMALL FORWARD,22,14.0,0.0,66,1977,1977
washiri01,Richard Washington,POWER FORWARD,21,14.2,0.0,82,1977,1977
webstma01,Marvin Webster,CENTER,25,17.0,17.2,82,1978,1977
wilkebo01,Bob Wilkerson,SMALL FORWARD,27,12.5,20.5,65,1982,1977
wrighla01,Larry Wright,POINT GUARD,23,13.7,19.3,70,1978,1977
ballagr01,Greg Ballard,SMALL FORWARD,25,18.1,21.6,82,1980,1978
bensoke01,Kent Benson,CENTER,24,17.3,19.3,82,1979,1978
birdsot01,Otis Birdsong,SHOOTING GUARD,25,20.3,26.8,71,1981,1978
bratzmi01,Mike Bratz,POINT GUARD,26,14.2,19.0,81,1982,1978
carrke01,Kenny Carr,POWER FORWARD,28,17.3,21.1,82,1984,1978
crissch01,Charlie Criss,POINT GUARD,29,14.8,21.4,77,1978,1978
davisbr01,Brad Davis,POINT GUARD,27,17.9,14.8,79,1983,1981
daviswa03,Walter Davis,SMALL FORWARD,24,23.0,29.0,79,1979,1978
dunntr01,T.R. Dunn,SHOOTING GUARD,24,12.5,15.4,82,1980,1978
edwarja01,James Edwards,CENTER,25,18.2,22.3,81,1981,1978
glennmi01,Mike Glenn,SHOOTING GUARD,24,16.6,20.9,75,1980,1978
gondrgl01,Glen Gondrezick,SMALL FORWARD,24,16.7,15.3,59,1980,1978
greenri01,Rickey Green,POINT GUARD,29,18.0,16.9,81,1984,1978
grunfer01,Ernie Grunfeld,SHOOTING GUARD,26,17.2,23.1,81,1982,1978
hassejo01,Joe Hassett,SHOOTING GUARD,25,13.8,21.549999999999997,41,1981,1978
johnsed03,Eddie Johnson,SMALL FORWARD,29,19.4,28.3,70,1989,1978
johnsla02,Larry Johnson,POWER FORWARD,26,19.8,22.9,81,1996,1992
johnsma01,Marques Johnson,SMALL FORWARD,22,23.9,25.9,77,1979,1978
jordaed01,Eddie Jordan,POINT GUARD,25,14.4,20.2,82,1980,1978
kingbe01,Bernard King,SMALL FORWARD,28,25.2,35.1,55,1985,1978
lagarto01,Tom LaGarde,CENTER,25,13.5,20.2,82,1981,1978
landsma01,Mark Landsberger,CENTER,24,16.15,18.85,77,1980,1978
maxwece01,Cedric Maxwell,SMALL FORWARD,23,19.9,18.4,80,1979,1978
nixonno01,Norm Nixon,POINT GUARD,23,18.2,18.7,82,1979,1978
poquebe01,Ben Poquette,CENTER,24,14.0,13.6,82,1980,1978
reidro01,Robert Reid,SMALL FORWARD,25,16.4,19.8,82,1981,1978
rollitr01,Tree Rollins,CENTER,24,18.9,13.7,82,1980,1978
scottal01,Alvin Scott,SMALL FORWARD,25,13.4,13.2,82,1981,1978
sikmaja01,Jack Sikma,CENTER,26,20.6,22.5,82,1982,1978
smithro01,Robert Smith,POINT GUARD,23,11.6,15.9,82,1979,1978
willira01,Ray Williams,POINT GUARD,25,21.6,27.2,82,1980,1978
brewero01,Ron Brewer,SHOOTING GUARD,26,17.75,26.45,72,1982,1979
cheekma01,Maurice Cheeks,POINT GUARD,26,18.6,16.6,79,1983,1979
coopemi01,Michael Cooper,SHOOTING GUARD,25,14.3,17.5,76,1982,1980
coopewa01,Wayne Cooper,CENTER,29,16.3,20.4,78,1986,1979
corzida01,Dave Corzine,CENTER,24,16.5,19.3,82,1981,1979
fordph01,Phil Ford,POINT GUARD,24,17.3,23.3,66,1981,1979
johnscl01,Clemon Johnson,CENTER,24,15.6,16.3,81,1981,1979
longjo01,John Long,SHOOTING GUARD,25,17.4,27.9,69,1982,1979
mckinbi01,Billy McKinney,POINT GUARD,23,15.6,20.8,78,1979,1979
mitchmi01,Mike Mitchell,SMALL FORWARD,24,19.1,24.7,82,1980,1979
pheglro01,Roger Phegley,SHOOTING GUARD,23,14.4,24.4,78,1980,1980
richami01,Micheal Ray Richardson,POINT GUARD,29,19.8,24.0,82,1985,1979
robeyri01,Rick Robey,CENTER,24,15.4,20.6,82,1980,1979
shortpu01,Purvis Short,SMALL FORWARD,22,19.1,28.0,62,1980,1979
theusre01,Reggie Theus,POINT GUARD,25,19.2,28.8,82,1983,1979
thompmy01,Mychal Thompson,CENTER,27,19.2,22.9,79,1982,1979
tylerte01,Terry Tyler,SMALL FORWARD,24,17.2,18.5,82,1981,1979
whiteje01,Jerome Whitehead,CENTER,25,16.7,17.9,72,1982,1980
willifr01,Freeman Williams,SHOOTING GUARD,24,20.2,34.6,82,1981,1979
baileja01,James Bailey,POWER FORWARD,26,15.5,23.6,73,1984,1980
birdla01,Larry Bird,SMALL FORWARD,31,27.8,30.2,76,1988,1980
bradldu01,Dudley Bradley,SHOOTING GUARD,23,13.7,16.3,82,1981,1980
cartwbi01,Bill Cartwright,CENTER,25,19.0,21.3,82,1983,1980
cookje01,Jeff Cook,POWER FORWARD,23,14.4,17.7,66,1980,1980
cummipa01,Pat Cummings,CENTER,23,15.3,22.0,71,1980,1980
evansmi01,Mike Evans,SHOOTING GUARD,29,15.6,22.3,81,1985,1980
greenda01,Dave Greenwood,POWER FORWARD,23,16.6,19.7,82,1981,1980
hendege02,Gerald Henderson,SHOOTING GUARD,25,16.4,23.5,68,2013,1980
hubbaph01,Phil Hubbard,SMALL FORWARD,28,16.0,21.7,76,1985,1980
hustoge01,Geoff Huston,POINT GUARD,24,14.0,15.9,78,1982,1980
johnsma02,Magic Johnson,POINT GUARD,27,27.0,26.3,80,1987,1980
johnsvi01,Vinnie Johnson,SHOOTING GUARD,26,17.6,20.0,82,1983,1981
jonesma01,Major Jones,POWER FORWARD,28,13.4,16.3,60,1982,1980
kelsegr01,Greg Kelser,SMALL FORWARD,22,16.1,25.7,50,1980,1980
kingre01,Reggie King,POWER FORWARD,23,16.9,18.1,81,1981,1980
leaveal01,Allen Leavell,POINT GUARD,24,16.4,19.1,79,1982,1980
mokespa01,Paul Mokeski,CENTER,24,10.3,15.7,80,1981,1981
moncrsi01,Sidney Moncrief,SHOOTING GUARD,25,22.6,24.7,76,1983,1980
nattca01,Calvin Natt,POWER FORWARD,28,21.8,24.1,78,1985,1980
richacl01,Clint Richardson,SHOOTING GUARD,30,12.8,17.5,78,1987,1980
robincl01,Cliff Robinson,POWER FORWARD,21,18.3,26.6,68,1982,1980
willisl01,Sly Williams,SMALL FORWARD,24,18.6,22.2,60,1982,1980
brookmi01,Michael Brooks,SMALL FORWARD,23,16.1,20.4,82,1982,1981
carrojo01,Joe Barry Carroll,CENTER,24,20.1,26.5,79,1983,1981
cartebu01,Butch Carter,SHOOTING GUARD,24,14.9,20.4,81,1983,1981
collido02,Don Collins,SMALL FORWARD,24,15.5,22.1,65,1983,1981
cookda01,Darwin Cook,SHOOTING GUARD,22,15.0,21.4,81,1981,1981
curetea01,Earl Cureton,CENTER,23,13.8,20.0,52,1981,1981
donalja01,James Donaldson,CENTER,24,16.0,15.5,82,1982,1981
drewla01,Larry Drew,POINT GUARD,24,18.1,23.7,75,1983,1981
gminsmi01,Mike Gminski,CENTER,26,19.0,19.9,81,1986,1981
griffda01,Darrell Griffith,SHOOTING GUARD,25,16.1,26.4,82,1984,1981
hanzlbi01,Bill Hanzlik,SMALL FORWARD,28,15.3,21.1,79,1986,1981
jonesed01,Edgar Jones,POWER FORWARD,24,17.6,23.0,60,1981,1981
laimbbi01,Bill Laimbeer,CENTER,26,19.2,18.2,82,1984,1981
lestero01,Ronnie Lester,POINT GUARD,23,13.8,17.8,75,1982,1982
macyky01,Kyle Macy,POINT GUARD,25,16.1,17.5,82,1983,1981
mahorri01,Rick Mahorn,POWER FORWARD,31,13.9,15.8,75,1990,1981
matthwe01,Wes Matthews,POINT GUARD,26,15.5,20.2,75,1986,1981
mchalke01,Kevin McHale,POWER FORWARD,29,24.0,24.1,77,1987,1981
moorejo01,Johnny Moore,POINT GUARD,26,18.3,18.7,82,1985,1981
okoremi01,Mike O'Koren,SMALL FORWARD,23,13.6,19.9,80,1982,1981
oldhaja01,Jawann Oldham,CENTER,30,12.9,14.9,54,1988,1984
orrlo01,Louis Orr,SMALL FORWARD,22,16.1,20.6,82,1981,1981
ranseke01,Kelvin Ransey,POINT GUARD,23,16.5,24.9,78,1982,1981
sichtje01,Jerry Sichting,POINT GUARD,27,13.9,15.7,80,1984,1981
smithla01,Larry Smith,POWER FORWARD,27,15.1,15.1,80,1985,1981
sparrro01,Rory Sparrow,POINT GUARD,26,14.3,15.8,79,1985,1982
toneyan01,Andrew Toney,SHOOTING GUARD,25,17.9,27.3,81,1983,1981
vandeki01,Kiki Vandeweghe,POWER FORWARD,25,23.6,27.8,78,1984,1981
wilkije01,Jeff Wilkins,CENTER,27,11.6,18.5,81,1983,1981
woodsmi01,Mike Woodson,SHOOTING GUARD,24,18.9,23.7,81,1983,1981
aguirma01,Mark Aguirre,SMALL FORWARD,24,23.5,33.4,79,1984,1982
aingeda01,Danny Ainge,POINT GUARD,29,18.05,22.65,73,1989,1982
banksge01,Gene Banks,POWER FORWARD,23,16.7,17.7,81,1983,1982
blackro01,Rolando Blackman,SHOOTING GUARD,24,19.8,23.3,81,1984,1982
chambto01,Tom Chambers,POWER FORWARD,30,20.9,28.8,81,1990,1982
davisch02,Charles Davis,SMALL FORWARD,27,13.9,22.1,57,1986,1982
edwarfr01,Franklin Edwards,POINT GUARD,23,14.2,20.1,81,1983,1982
johnsfr01,Frank Johnson,POINT GUARD,26,15.0,20.7,46,1985,1982
johnsst03,Steve Johnson,CENTER,25,18.1,22.8,79,1983,1982
kingal01,Albert King,SMALL FORWARD,25,17.7,26.8,42,1985,1982
lampje01,Jeff Lamp,SMALL FORWARD,26,13.3,19.6,74,1986,1982
listeal01,Alton Lister,CENTER,27,16.4,18.9,81,1986,1982
lloydle01,Lewis Lloyd,SHOOTING GUARD,26,17.7,22.6,82,1986,1983
mcdowha01,Hank McDowell,POWER FORWARD,23,10.0,14.8,56,1983,1983
mcgeemi01,Mike McGee,SMALL FORWARD,25,17.3,26.4,76,1985,1984
mckenke01,Kevin McKenna,SHOOTING GUARD,28,12.1,17.8,56,1987,1984
nancela01,Larry Nance,POWER FORWARD,27,22.2,22.6,69,1987,1982
nimphku01,Kurt Nimphius,CENTER,25,13.0,12.6,82,1984,1982
rambiku01,Kurt Rambis,POWER FORWARD,30,16.1,16.2,75,1989,1982
rulanje01,Jeff Ruland,CENTER,25,19.6,23.0,75,1984,1982
schayda01,Danny Schayes,POWER FORWARD,28,18.4,18.7,81,1988,1982
thomais01,Isiah Thomas,POINT GUARD,23,22.2,24.0,81,1985,1982
tripuke01,Kelly Tripucka,SMALL FORWARD,23,19.8,26.5,58,1983,1982
turneel01,Elston Turner,SMALL FORWARD,25,10.9,12.3,81,1985,1982
valenda01,Darnell Valentine,POINT GUARD,23,17.3,21.4,47,1983,1982
verhope01,Pete Verhoeven,POWER FORWARD,24,12.0,16.3,43,1984,1982
vinceja01,Jay Vincent,POWER FORWARD,22,18.7,28.6,81,1982,1982
vraneda01,Danny Vranes,SMALL FORWARD,23,11.2,15.2,77,1982,1982
willibu01,Buck Williams,POWER FORWARD,22,18.6,18.4,82,1983,1982
willihe01,Herb Williams,CENTER,27,17.9,24.6,78,1986,1982
woodal01,Al Wood,SHOOTING GUARD,25,14.9,22.1,81,1984,1982
woolror01,Orlando Woolridge,SMALL FORWARD,26,19.6,26.5,70,1986,1982
anderri01,Richard Anderson,POWER FORWARD,27,16.799999999999997,18.75,74,1988,1983
baglejo01,John Bagley,POINT GUARD,24,16.0,16.3,81,1985,1983
connele01,Lester Conner,POINT GUARD,29,17.2,15.8,82,1989,1983
cummite01,Terry Cummings,POWER FORWARD,21,22.8,26.0,70,1983,1983
dailequ01,Quintin Dailey,SHOOTING GUARD,27,16.8,32.2,67,1988,1983
eatonma01,Mark Eaton,CENTER,28,13.6,14.1,82,1985,1983
floydsl01,Sleepy Floyd,POINT GUARD,26,20.2,20.3,82,1987,1983
hastisc01,Scott Hastings,POWER FORWARD,27,10.8,11.3,55,1988,1984
higgiro01,Rod Higgins,SMALL FORWARD,28,16.3,18.1,68,1988,1983
hodgecr01,Craig Hodges,SHOOTING GUARD,25,13.9,16.0,66,1986,1983
iavarma01,Marc Iavaroni,POWER FORWARD,29,8.95,14.55,68,1986,1983
leverfa01,Fat Lever,POINT GUARD,26,20.8,21.1,82,1987,1983
levincl01,Cliff Levingston,POWER FORWARD,27,15.5,15.1,82,1988,1983
mcnamma01,Mark McNamara,CENTER,25,14.0,18.65,45,1985,1984
nealyed01,Ed Nealy,POWER FORWARD,31,12.9,12.2,52,1992,1983
nevitch01,Chuck Nevitt,CENTER,27,10.3,14.3,41,1987,1987
piercri01,Ricky Pierce,SHOOTING GUARD,30,21.9,31.3,59,1990,1984
presspa01,Paul Pressey,SMALL FORWARD,27,18.6,18.6,80,1986,1983
russewa01,Walker Russell,POINT GUARD,26,9.5,19.7,48,1987,1983
sandemi01,Mike Sanders,SMALL FORWARD,25,16.0,22.6,82,1986,1984
smithde02,Derek Smith,SHOOTING GUARD,23,19.1,25.4,80,1985,1984
teaglte01,Terry Teagle,SMALL FORWARD,28,16.7,25.9,66,1989,1983
thompla01,LaSalle Thompson,CENTER,22,16.9,19.0,80,1984,1983
tucketr01,Trent Tucker,SHOOTING GUARD,27,15.4,20.1,70,1987,1983
wilkido01,Dominique Wilkins,SMALL FORWARD,30,24.6,30.4,80,1990,1983
worthja01,James Worthy,SMALL FORWARD,24,20.4,22.6,75,1986,1983
baileth01,Thurl Bailey,SMALL FORWARD,26,16.3,24.2,82,1988,1984
breuera01,Randy Breuer,CENTER,27,15.3,19.0,81,1988,1984
drexlcl01,Clyde Drexler,SHOOTING GUARD,25,24.1,28.0,81,1988,1984
ehlocr01,Craig Ehlo,SHOOTING GUARD,32,15.0,18.1,82,1994,1985
ellisda01,Dale Ellis,SHOOTING GUARD,28,19.7,26.6,82,1989,1984
greensi02,Sidney Green,POWER FORWARD,25,14.2,21.9,80,1986,1984
hansebo01,Bob Hansen,SHOOTING GUARD,27,12.9,17.5,81,1988,1984
harpede01,Derek Harper,POINT GUARD,25,20.0,19.6,77,1987,1984
hinsoro01,Roy Hinson,SMALL FORWARD,24,17.4,22.8,82,1986,1984
jonesch02,Charles Jones,CENTER,23,14.4,18.7,78,1985,1985
kitegr01,Greg Kite,CENTER,30,7.7,8.6,72,1992,1985
malonje01,Jeff Malone,SHOOTING GUARD,28,18.5,29.4,75,1990,1984
mannipa01,Pace Mannion,SMALL FORWARD,25,10.8,17.5,57,1986,1984
mccraro01,Rodney McCray,SMALL FORWARD,28,16.7,18.3,82,1990,1984
paxsojo01,John Paxson,POINT GUARD,30,14.0,14.4,82,1991,1984
riverdo01,Doc Rivers,POINT GUARD,26,20.4,21.6,80,1988,1984
roberfr01,Fred Roberts,CENTER,32,15.5,16.4,79,1993,1984
sampsra01,Ralph Sampson,CENTER,23,20.1,27.1,82,1984,1984
scottby01,Byron Scott,SHOOTING GUARD,26,19.2,22.6,81,1988,1984
sundvjo01,Jon Sundvold,POINT GUARD,25,14.5,20.1,76,1987,1984
threase01,Sedale Threatt,POINT GUARD,28,17.4,21.0,65,1990,1984
walkeda01,Darrell Walker,POINT GUARD,22,15.9,26.1,82,1984,1984
westma01,Mark West,CENTER,29,15.7,13.5,82,1990,1985
whatlen01,Ennis Whatley,POINT GUARD,24,14.0,16.0,73,1987,1984
wiggimi01,Mitchell Wiggins,SHOOTING GUARD,30,16.3,22.9,66,1990,1984
wittmra01,Randy Wittman,SHOOTING GUARD,26,13.0,15.6,81,1986,1984
anderro01,Ron Anderson,SMALL FORWARD,29,16.2,22.0,74,1988,1986
barklch01,Charles Barkley,SMALL FORWARD,27,28.9,29.1,67,1991,1985
bowiesa01,Sam Bowie,CENTER,30,16.4,22.5,71,1992,1985
brickfr01,Frank Brickowski,CENTER,33,17.0,23.9,66,1993,1985
brownto01,Tony Brown,SMALL FORWARD,31,11.2,20.049999999999997,57,1992,1985
cagemi01,Michael Cage,POWER FORWARD,25,17.1,17.1,80,1987,1985
campbto01,Tony Campbell,SHOOTING GUARD,27,17.1,29.0,82,1990,1985
carran01,Antoine Carr,POWER FORWARD,29,18.3,27.2,77,1991,1985
coltest01,Steve Colter,POINT GUARD,27,15.9,15.8,73,1990,1985
flemive01,Vern Fleming,POINT GUARD,25,17.5,17.7,80,1988,1985
grayst01,Stuart Gray,CENTER,22,10.5,16.7,67,1986,1985
holtomi01,Michael Holton,POINT GUARD,27,12.3,16.6,67,1989,1985
humphja01,Jay Humphries,POINT GUARD,28,17.4,19.1,80,1991,1985
jordami01,Michael Jordan,SHOOTING GUARD,24,31.7,34.1,82,1988,1985
kerseje01,Jerome Kersey,SMALL FORWARD,23,18.5,22.2,79,1986,1985
mccorti01,Tim McCormick,CENTER,22,14.7,18.8,78,1985,1985
olajuha01,Hakeem Olajuwon,CENTER,30,27.3,28.8,82,1993,1985
perkisa01,Sam Perkins,POWER FORWARD,30,17.6,19.7,63,1992,1985
peterji01,Jim Petersen,POWER FORWARD,24,12.7,17.0,82,1987,1985
roberal01,Alvin Robertson,SHOOTING GUARD,23,19.5,20.9,82,1986,1985
stockjo01,John Stockton,POINT GUARD,27,23.9,20.6,78,1990,1985
thorpot01,Otis Thorpe,POWER FORWARD,25,18.7,22.6,82,1988,1985
turneje01,Jeff Turner,POWER FORWARD,30,11.4,15.5,75,1993,1985
wilkied01,Eddie Lee Wilkins,CENTER,28,10.5,22.5,68,1991,1985
willike02,Kevin Willis,POWER FORWARD,29,19.7,22.0,81,1992,1985
woodle01,Leon Wood,POINT GUARD,25,20.05,18.7,52,1988,1986
youngda01,Danny Young,POINT GUARD,23,13.7,12.9,82,1986,1986
adamsmi01,Michael Adams,POINT GUARD,28,22.3,28.5,66,1991,1987
battljo01,John Battle,SHOOTING GUARD,28,16.4,24.7,79,1991,1986
benjabe01,Benoit Benjamin,CENTER,24,17.4,20.3,79,1989,1986
bolma01,Manute Bol,CENTER,23,11.2,7.6,80,1986,1986
catlete01,Terry Catledge,POWER FORWARD,28,15.2,20.7,78,1992,1986
corbity01,Tyrone Corbin,SMALL FORWARD,28,16.6,22.7,82,1991,1987
dumarjo01,Joe Dumars,SHOOTING GUARD,27,18.0,24.0,80,1991,1986
ewingpa01,Patrick Ewing,CENTER,27,25.8,29.4,82,1990,1986
greenac01,A.C. Green,POWER FORWARD,25,17.8,17.0,82,1989,1986
kleinjo01,Joe Kleine,CENTER,30,13.5,14.8,70,1992,1986
koncajo01,Jon Koncak,CENTER,22,13.0,17.9,82,1986,1986
malonka01,Karl Malone,POWER FORWARD,33,28.9,32.7,82,1997,1986
mcdanxa01,Xavier McDaniel,SMALL FORWARD,23,18.7,25.8,82,1987,1986
mullich01,Chris Mullin,SMALL FORWARD,26,22.7,24.8,78,1990,1986
oaklech01,Charles Oakley,POWER FORWARD,22,16.5,19.2,77,1986,1986
pincked01,Ed Pinckney,POWER FORWARD,25,17.35,17.9,80,1989,1986
portete01,Terry Porter,POINT GUARD,27,21.7,19.6,81,1991,1986
rasmubl01,Blair Rasmussen,CENTER,25,16.0,22.6,79,1988,1986
reynoje01,Jerry Reynolds,SHOOTING GUARD,28,17.8,25.4,80,1991,1986
schrede01,Detlef Schrempf,SMALL FORWARD,32,20.3,21.0,82,1995,1986
smrekmi01,Mike Smrek,POWER FORWARD,26,9.0,14.6,43,1989,1988
thornbo01,Bob Thornton,POWER FORWARD,23,6.9,13.6,71,1986,1986
tisdawa01,Wayman Tisdale,POWER FORWARD,25,18.1,25.1,79,1990,1986
vincesa01,Sam Vincent,POINT GUARD,26,15.4,18.6,63,1990,1986
webbsp01,Spud Webb,POINT GUARD,22,18.5,23.0,79,1986,1986
wennibi01,Bill Wennington,CENTER,30,14.0,19.2,76,1994,1986
wilkige01,Gerald Wilkins,SHOOTING GUARD,23,16.2,25.2,80,1987,1986
addisra01,Rafael Addison,SMALL FORWARD,22,11.9,23.6,62,1987,1987
bedfowi01,William Bedford,CENTER,27,15.5,24.1,60,1991,1987
brownmi01,Mike Brown,CENTER,26,12.8,16.2,82,1990,1987
curryde01,Dell Curry,SHOOTING GUARD,34,18.7,21.9,42,1999,1987
daughbr01,Brad Daugherty,CENTER,26,23.0,23.6,73,1992,1987
dawkijo01,Johnny Dawkins,POINT GUARD,24,17.0,19.7,65,1988,1987
dreilgr01,Greg Dreiling,CENTER,28,8.7,12.1,73,1991,1989
duckwke01,Kevin Duckworth,CENTER,23,14.9,22.6,78,1988,1987
gattike01,Kenny Gattison,POWER FORWARD,27,15.3,19.4,82,1992,1987
harpero01,Ron Harper,SHOOTING GUARD,25,19.8,23.4,82,1989,1987
hendece02,Cedric Henderson,SMALL FORWARD,22,10.7,17.8,82,1998,1998
hornaje01,Jeff Hornacek,SHOOTING GUARD,26,19.6,20.2,67,1990,1987
johnsbu01,Buck Johnson,SMALL FORWARD,24,13.9,17.9,70,1988,1987
kemptti01,Tim Kempton,POWER FORWARD,26,10.7,16.3,71,1990,1987
krystla01,Larry Krystkowiak,POWER FORWARD,24,14.2,17.9,80,1989,1987
mcmilna01,Nate McMillan,POINT GUARD,23,15.9,12.7,82,1988,1987
myerspe01,Pete Myers,SHOOTING GUARD,30,10.6,16.9,82,1994,1990
newmajo01,Johnny Newman,SMALL FORWARD,29,15.5,20.5,64,1993,1987
persoch01,Chuck Person,SMALL FORWARD,25,16.6,24.4,77,1990,1987
pricema01,Mark Price,POINT GUARD,27,22.7,24.1,72,1992,1987
rodmade01,Dennis Rodman,SMALL FORWARD,26,17.4,19.2,82,1988,1987
sallejo01,John Salley,POWER FORWARD,27,14.7,17.4,72,1992,1987
sellebr01,Brad Sellers,POWER FORWARD,29,13.7,22.2,43,1992,1987
skilesc01,Scott Skiles,POINT GUARD,26,17.8,21.8,79,1991,1988
smithot01,Otis Smith,SMALL FORWARD,26,17.2,21.6,65,1990,1988
tarplro01,Roy Tarpley,POWER FORWARD,23,19.5,21.2,81,1988,1987
thompbi01,Billy Thompson,SMALL FORWARD,26,14.7,18.1,79,1990,1987
turnean01,Andre Turner,POINT GUARD,26,12.8,16.0,70,1991,1991
walkeke01,Kenny Walker,SMALL FORWARD,22,13.3,17.9,68,1987,1987
williho01,Hot Rod Williams,POWER FORWARD,27,19.0,21.9,82,1990,1987
willijo02,John Williams,SMALL FORWARD,22,18.8,20.4,82,1989,1987
wingada01,David Wingate,SHOOTING GUARD,23,11.9,21.3,77,1987,1987
acresma01,Mark Acres,CENTER,29,10.1,9.6,68,1992,1988
andergr01,Greg Anderson,POWER FORWARD,24,14.9,20.6,82,1989,1988
askewvi01,Vincent Askew,SHOOTING GUARD,27,15.9,18.5,80,1994,1992
boguemu01,Muggsy Bogues,POINT GUARD,25,16.9,13.5,81,1990,1988
dudlech02,Chris Dudley,CENTER,26,13.2,13.2,82,1992,1988
gamblke01,Kevin Gamble,SMALL FORWARD,25,16.3,18.4,82,1991,1989
garlawi01,Winston Garland,POINT GUARD,24,14.7,19.5,79,1989,1988
gilliar01,Armen Gilliam,POWER FORWARD,29,18.5,20.3,82,1994,1988
grantho01,Horace Grant,POWER FORWARD,26,20.6,15.5,81,1992,1988
hoppeda01,Dave Hoppen,CENTER,24,11.8,14.2,77,1989,1989
jacksma01,Mark Jackson,POINT GUARD,23,18.3,21.3,72,1989,1988
johnske02,Kevin Johnson,POINT GUARD,24,23.7,24.8,77,1991,1988
lewisre01,Reggie Lewis,SHOOTING GUARD,26,17.9,23.6,82,1992,1988
lohaubr01,Brad Lohaus,POWER FORWARD,27,15.0,16.4,70,1992,1988
mckeyde01,Derrick McKey,SMALL FORWARD,24,15.7,18.9,73,1991,1988
millere01,Reggie Miller,SHOOTING GUARD,25,21.2,22.5,82,1991,1988
normake01,Ken Norman,SMALL FORWARD,26,16.4,22.8,70,1991,1988
pippesc01,Scottie Pippen,SMALL FORWARD,28,23.2,27.1,72,1994,1988
polynol01,Olden Polynice,CENTER,31,15.8,18.6,81,1996,1988
smithke01,Kenny Smith,POINT GUARD,25,18.3,21.2,78,1991,1988
willire01,Reggie Williams,SMALL FORWARD,27,18.1,24.3,81,1992,1989
wolfjo01,Joe Wolf,CENTER,26,10.1,14.4,74,1991,1988
anderwi01,Willie Anderson,SMALL FORWARD,22,16.6,23.8,81,1989,1989
bowiean01,Anthony Bowie,SHOOTING GUARD,28,14.7,19.3,52,1992,1990
brooksc01,Scott Brooks,POINT GUARD,25,16.9,19.9,80,1991,1989
bryanma01,Mark Bryant,POWER FORWARD,31,13.3,16.3,41,1997,1989
chapmre01,Rex Chapman,SHOOTING GUARD,26,16.9,22.7,60,1994,1989
davisma02,Mark Davis,SMALL FORWARD,23,13.7,18.0,75,1997,1996
delnevi01,Vinny Del Negro,SHOOTING GUARD,29,15.6,18.8,82,1996,1989
eacklle01,Ledell Eackles,SHOOTING GUARD,25,15.3,26.4,65,1992,1989
edwarke01,Kevin Edwards,POINT GUARD,26,13.8,21.0,81,1992,1989
ferredu01,Duane Ferrell,SMALL FORWARD,26,15.6,21.4,66,1992,1989
grantga01,Gary Grant,POINT GUARD,24,15.3,21.1,44,1990,1989
grantha01,Harvey Grant,POWER FORWARD,25,16.5,21.4,77,1991,1989
grayeje01,Jeff Grayer,SHOOTING GUARD,26,13.3,21.7,82,1992,1990
haleyja01,Jack Haley,POWER FORWARD,27,11.8,16.6,78,1991,1989
hawkihe01,Hersey Hawkins,SHOOTING GUARD,24,19.4,24.0,80,1991,1989
johnsav01,Avery Johnson,POINT GUARD,30,16.3,17.5,82,1996,1989
kerrst01,Steve Kerr,POINT GUARD,31,15.6,12.9,82,1997,1990
langan01,Andrew Lang,CENTER,25,13.8,13.4,81,1992,1989
leckner01,Eric Leckner,CENTER,28,12.2,17.0,57,1995,1989
lesji01,Jim Les,POINT GUARD,29,14.7,15.2,73,1993,1989
longgr01,Grant Long,POWER FORWARD,29,16.2,17.1,82,1996,1989
majerda01,Dan Majerle,SMALL FORWARD,26,17.8,20.3,82,1992,1989
mannida01,Danny Manning,POWER FORWARD,31,19.8,24.1,70,1998,1990
maxweve01,Vernon Maxwell,SHOOTING GUARD,26,14.1,24.3,80,1992,1989
morrich01,Chris Morris,SMALL FORWARD,27,17.8,20.7,77,1993,1989
perduwi01,Will Perdue,CENTER,31,16.7,13.9,65,1997,1990
perryti01,Tim Perry,CENTER,23,14.4,17.2,62,1989,1989
richmmi01,Mitch Richmond,SHOOTING GUARD,31,21.6,29.4,81,1997,1989
seikaro01,Rony Seikaly,CENTER,31,18.3,23.7,74,1997,1989
shackch01,Charles Shackleford,CENTER,22,13.9,18.1,60,1989,1989
shawbr01,Brian Shaw,POINT GUARD,24,15.5,19.3,79,1991,1989
smithch01,Charles Smith,POWER FORWARD,24,19.5,23.8,78,1990,1989
smitsri01,Rik Smits,CENTER,32,20.2,28.9,49,1999,1989
starkjo01,John Starks,SHOOTING GUARD,26,16.4,24.4,82,1992,1991
stricro02,Rod Strickland,POINT GUARD,28,21.6,24.6,64,1995,1989
tolbeto01,Tom Tolbert,POWER FORWARD,24,13.8,18.6,70,1990,1990
wileymo01,Morlon Wiley,POINT GUARD,28,16.6,20.15,43,1995,1989
willimi02,Micheal Williams,POINT GUARD,24,19.5,20.1,73,1991,1989
woodda01,David Wood,POWER FORWARD,29,11.1,12.2,78,1994,1991
anderni01,Nick Anderson,SMALL FORWARD,30,19.6,25.0,58,1998,1990
armstbj01,B.J. Armstrong,POINT GUARD,28,17.3,18.8,82,1996,1990
barroda01,Dana Barros,POINT GUARD,27,20.9,21.2,82,1995,1990
blaylmo01,Mookie Blaylock,POINT GUARD,29,20.4,21.9,78,1997,1990
brownch01,Chucky Brown,POWER FORWARD,27,13.7,15.9,82,1996,1990
caldwad01,Adrian Caldwell,POWER FORWARD,29,10.4,18.8,51,1996,1990
daviste01,Terry Davis,POWER FORWARD,24,12.4,15.5,68,1992,1990
divacvl01,Vlade Divac,CENTER,26,20.5,20.4,80,1995,1990
douglsh01,Sherman Douglas,POINT GUARD,24,18.0,24.0,73,1991,1990
edwarbl01,Blue Edwards,SMALL FORWARD,27,16.4,21.8,82,1993,1990
elliose01,Sean Elliott,SMALL FORWARD,27,16.3,23.4,77,1996,1990
ellispe01,Pervis Ellison,CENTER,24,19.9,22.6,66,1992,1991
grantgr01,Greg Grant,POINT GUARD,25,10.7,11.95,68,1992,1990
hammoto01,Tom Hammonds,POWER FORWARD,27,14.7,18.6,70,1995,1990
hardati01,Tim Hardaway,POINT GUARD,24,20.9,24.7,82,1991,1990
jacksja01,Jaren Jackson,SHOOTING GUARD,31,12.5,18.3,47,1999,1997
kempsh01,Shawn Kemp,POWER FORWARD,29,23.6,28.9,42,1999,1990
kingst01,Stacey King,POWER FORWARD,23,13.8,18.4,82,1990,1990
legleti01,Tim Legler,SHOOTING GUARD,27,16.1,21.2,79,1994,1994
marcisa01,Šarūnas Marčiulionis,SHOOTING GUARD,27,18.8,24.9,72,1992,1990
masonan01,Anthony Mason,POWER FORWARD,30,18.9,17.6,73,1997,1992
mccloge01,George McCloud,SMALL FORWARD,27,17.0,21.1,42,1995,1990
mitchsa01,Sam Mitchell,SMALL FORWARD,34,15.8,19.7,81,1998,1990
reidjr01,J.R. Reid,POWER FORWARD,25,14.7,22.7,70,1994,1990
ricegl01,Glen Rice,SMALL FORWARD,27,19.7,25.2,82,1995,1990
richapo01,Pooh Richardson,POINT GUARD,24,18.1,21.8,82,1991,1990
robincl02,Clifford Robinson,POWER FORWARD,26,18.8,27.0,82,1993,1990
robinda01,David Robinson,CENTER,28,30.7,32.0,80,1994,1990
royaldo01,Donald Royal,SMALL FORWARD,23,15.2,25.0,66,1990,1990
smithmi02,Michael Smith,SMALL FORWARD,27,14.5,10.9,46,2000,1990
westdo01,Doug West,SHOOTING GUARD,24,14.6,18.7,80,1992,1990
workmha01,Haywoode Workman,POINT GUARD,28,12.9,16.9,65,1994,1991
abdulma02,Mahmoud Abdul-Rauf,POINT GUARD,26,18.6,25.1,57,1996,1991
askinke01,Keith Askins,SMALL FORWARD,27,12.3,13.3,50,1995,1992
bonnean01,Anthony Bonner,SMALL FORWARD,25,12.6,13.2,73,1994,1992
brownde01,Dee Brown,POINT GUARD,24,17.2,18.2,80,1993,1991
buechju01,Jud Buechler,SMALL FORWARD,27,14.1,17.3,74,1996,1991
bullama01,Matt Bullard,SMALL FORWARD,30,13.8,16.8,67,1998,1992
burtowi01,Willie Burton,SMALL FORWARD,25,15.6,25.1,53,1994,1991
campbel01,Elden Campbell,POWER FORWARD,33,19.5,23.3,77,2002,1991
causwdu01,Duane Causwell,CENTER,24,14.2,15.2,55,1993,1991
cebalce01,Cedric Ceballos,SMALL FORWARD,26,22.1,26.5,78,1996,1991
colemde01,Derrick Coleman,POWER FORWARD,26,21.4,25.3,77,1994,1991
colesbi01,Bimbo Coles,POINT GUARD,30,14.8,18.9,48,1999,1991
eliema01,Mario Elie,SMALL FORWARD,32,14.6,15.1,45,1996,1992
ferryda01,Danny Ferry,POWER FORWARD,28,16.0,22.2,82,1995,1991
fostegr01,Greg Foster,POWER FORWARD,23,11.2,19.3,49,1992,1991
gillke01,Kendall Gill,SMALL FORWARD,28,19.6,25.4,82,1997,1991
hensost01,Steve Henson,POINT GUARD,22,11.5,15.6,68,1991,1991
higgise01,Sean Higgins,SMALL FORWARD,27,10.4,18.9,44,1996,1991
hillty01,Tyrone Hill,POWER FORWARD,25,18.4,18.2,57,1994,1991
jameshe01,Henry James,POWER FORWARD,31,10.2,17.5,53,1997,1992
knighne01,Negele Knight,POINT GUARD,23,12.1,22.4,64,1991,1991
masseto01,Tony Massenburg,POWER FORWARD,31,15.9,20.9,43,1999,1995
millste01,Terry Mills,POWER FORWARD,26,17.7,22.2,80,1994,1991
paytoga01,Gary Payton,POINT GUARD,31,23.6,26.8,82,2000,1991
robinru01,Rumeal Robinson,POINT GUARD,25,14.9,23.3,81,1992,1991
schindw01,Dwayne Schintzius,CENTER,22,10.1,21.6,42,1991,1991
scottde01,Dennis Scott,SMALL FORWARD,26,16.3,21.6,62,1995,1991
simmoli01,Lionel Simmons,SMALL FORWARD,23,16.5,22.2,78,1992,1991
smithto02,Tony Smith,SHOOTING GUARD,24,15.2,20.0,55,1993,1991
spencfe01,Felton Spencer,CENTER,23,13.8,11.7,81,1991,1991
vaughlo01,Loy Vaught,POWER FORWARD,26,17.1,21.4,80,1995,1991
willija01,Jayson Williams,CENTER,29,18.7,16.1,65,1998,1991
willisc01,Scott Williams,CENTER,31,15.6,16.4,68,2000,1991
anderke01,Kenny Anderson,POINT GUARD,25,19.5,21.450000000000003,69,1996,1992
anthogr01,Greg Anthony,POINT GUARD,28,18.6,23.3,69,1996,1992
augmost01,Stacey Augmon,SHOOTING GUARD,25,17.9,19.8,82,1994,1992
austiis01,Isaac Austin,CENTER,28,16.2,24.85,78,1998,1993
benoida01,David Benoit,SMALL FORWARD,26,13.9,18.0,71,1995,1992
brandte01,Terrell Brandon,POINT GUARD,25,25.2,27.6,75,1996,1992
brownra02,Randy Brown,POINT GUARD,28,13.0,18.1,72,1997,1992
chilcpe01,Pete Chilcutt,POWER FORWARD,28,14.5,14.2,54,1997,1992
conloma01,Marty Conlon,CENTER,25,15.9,20.5,46,1993,1992
davisda01,Dale Davis,CENTER,30,17.4,16.7,74,2000,1992
delebi01,Bison Dele,CENTER,28,18.1,23.9,78,1998,1992
foxri01,Rick Fox,SMALL FORWARD,25,16.8,20.1,53,1995,1992
gatlich01,Chris Gatling,POWER FORWARD,28,20.7,23.9,71,1996,1992
herreca01,Carl Herrera,POWER FORWARD,26,13.1,15.0,81,1993,1992
longllu01,Luc Longley,CENTER,25,13.899999999999999,19.05,76,1994,1992
maconma01,Mark Macon,SHOOTING GUARD,25,12.5,20.9,55,1995,1992
murdoer01,Eric Murdock,POINT GUARD,25,20.3,23.1,82,1994,1992
mutomdi01,Dikembe Mutombo,CENTER,31,19.8,17.6,82,1998,1992
owensbi01,Billy Owens,POWER FORWARD,22,15.6,19.3,80,1992,1992
packro01,Robert Pack,POINT GUARD,25,16.9,23.9,42,1995,1992
perryel01,Elliot Perry,POINT GUARD,25,17.3,18.3,82,1995,1992
phillbo01,Bobby Phills,SHOOTING GUARD,26,16.8,21.1,72,1996,1994
roberst01,Stanley Roberts,CENTER,21,16.3,22.7,55,1992,1992
smithst01,Steve Smith,SHOOTING GUARD,28,18.8,23.9,73,1998,1992
stronde01,Derek Strong,POWER FORWARD,29,16.6,22.8,58,1998,1994
aventan01,Anthony Avent,POWER FORWARD,23,10.2,19.1,82,1993,1993
barryjo01,Jon Barry,SHOOTING GUARD,33,17.9,17.9,80,2003,1993
chrisdo01,Doug Christie,SHOOTING GUARD,28,16.9,22.5,50,1999,1994
crottjo01,John Crotty,POINT GUARD,24,17.5,20.0,45,1994,1994
davishu01,Hubert Davis,SHOOTING GUARD,25,14.8,18.0,74,1996,1993
dayto01,Todd Day,SHOOTING GUARD,27,15.5,24.0,81,1997,1993
ellisla01,LaPhonso Ellis,POWER FORWARD,26,18.2,28.0,55,1997,1993
geigema01,Matt Geiger,CENTER,28,20.2,23.2,78,1998,1993
guglito01,Tom Gugliotta,SMALL FORWARD,28,20.5,23.6,41,1998,1993
horryro01,Robert Horry,POWER FORWARD,34,14.9,16.4,75,2005,1993
jacksji01,Jim Jackson,SHOOTING GUARD,24,18.9,28.2,51,1995,1994
keefead01,Adam Keefe,SMALL FORWARD,24,15.1,15.6,75,1995,1993
laettch01,Christian Laettner,POWER FORWARD,27,19.1,23.1,82,1997,1993
macksa01,Sam Mack,SMALL FORWARD,28,15.5,18.9,44,1999,1997
macledo01,Don MacLean,SMALL FORWARD,24,17.8,23.4,75,1994,1993
maybele01,Lee Mayberry,POINT GUARD,25,11.2,13.0,82,1996,1993
milleol01,Oliver Miller,CENTER,23,18.2,16.0,69,1994,1993
mournal01,Alonzo Mourning,CENTER,29,25.8,28.1,79,2000,1993
murratr01,Tracy Murray,SMALL FORWARD,26,17.3,24.0,82,1998,1993
onealsh01,Shaquille O'Neal,CENTER,26,30.6,32.4,49,1999,1993
overtdo01,Doug Overton,POINT GUARD,27,13.2,16.7,61,1997,1993
peelean01,Anthony Peeler,SHOOTING GUARD,26,14.1,19.4,73,1996,1993
pricebr01,Brent Price,POINT GUARD,27,17.5,16.9,81,1996,1993
rooksse01,Sean Rooks,CENTER,23,14.7,21.0,72,1993,1993
sealyma01,Malik Sealy,SHOOTING GUARD,24,14.7,23.1,60,1995,1993
sprewla01,Latrell Sprewell,SHOOTING GUARD,26,19.7,26.9,80,1997,1993
stithbr01,Bryant Stith,SHOOTING GUARD,24,14.4,17.7,81,1995,1994
weathcl01,Clarence Weatherspoon,SMALL FORWARD,23,18.1,22.5,82,1994,1993
willilo01,Lorenzo Williams,CENTER,25,10.3,7.9,82,1995,1995
williwa02,Walt Williams,SMALL FORWARD,28,16.3,20.0,48,1999,1993
bakervi01,Vin Baker,CENTER,26,20.4,24.7,82,1998,1994
blounco01,Corie Blount,POWER FORWARD,25,12.3,16.6,67,1994,1994
bradlsh01,Shawn Bradley,CENTER,26,19.6,16.1,49,1999,1994
brownpj01,P.J. Brown,POWER FORWARD,33,17.6,14.0,78,2003,1994
burresc01,Scott Burrell,SMALL FORWARD,27,15.7,18.5,80,1998,1994
butlemi02,Mitchell Butler,SHOOTING GUARD,23,13.0,19.0,75,1994,1994
cassesa01,Sam Cassell,POINT GUARD,34,22.8,27.2,81,2004,1994
cheanca01,Calbert Cheaney,SHOOTING GUARD,23,14.2,22.6,78,1995,1994
currymi01,Michael Curry,SHOOTING GUARD,28,10.4,12.1,81,1997,1996
davisan01,Antonio Davis,POWER FORWARD,30,16.7,18.2,49,1999,1994
deherte01,Terry Dehere,POINT GUARD,24,16.7,22.6,82,1996,1994
hardaan01,Anfernee Hardaway,POINT GUARD,24,24.6,25.5,82,1996,1994
harrilu01,Lucious Harris,SHOOTING GUARD,31,15.7,19.3,74,2002,1994
harvean01,Antonio Harvey,POWER FORWARD,24,10.3,16.6,59,1995,1995
houstal01,Allan Houston,SHOOTING GUARD,31,17.7,27.0,82,2003,1994
hunteli01,Lindsey Hunter,POINT GUARD,30,14.8,20.2,82,2001,1994
johnser02,Ervin Johnson,CENTER,26,16.1,23.0,45,1994,1994
jonespo01,Popeye Jones,POWER FORWARD,31,14.4,15.7,79,2002,1994
jordare01,Reggie Jordan,SHOOTING GUARD,30,15.3,15.9,57,1998,1998
kukocto01,Toni Kukoč,SMALL FORWARD,27,20.4,21.4,81,1996,1994
lynchge01,George Lynch,SMALL FORWARD,27,16.8,20.5,82,1998,1994
mashbja01,Jamal Mashburn,SMALL FORWARD,30,18.0,27.1,82,2003,1994
millsch01,Chris Mills,SMALL FORWARD,26,15.2,19.9,80,1996,1994
muresgh01,Gheorghe Mureșan,CENTER,24,21.0,21.2,76,1996,1994
outlabo01,Bo Outlaw,POWER FORWARD,25,16.3,12.7,82,1997,1995
rideris01,Isaiah Rider,SHOOTING GUARD,28,15.7,28.8,60,2000,1994
robinja02,James Robinson,POINT GUARD,26,12.7,21.0,69,1997,1994
rogerro01,Rodney Rogers,POWER FORWARD,28,17.1,22.2,82,2000,1994
russebr01,Bryon Russell,SMALL FORWARD,29,15.1,18.4,82,2000,1994
vanexni01,Nick Van Exel,POINT GUARD,29,18.5,23.0,71,2001,1994
waltere01,Rex Walters,SHOOTING GUARD,23,16.2,17.5,48,1994,1994
webbech01,Chris Webber,POWER FORWARD,27,24.7,31.6,70,2001,1994
wesleda01,David Wesley,POINT GUARD,25,18.5,20.9,82,1996,1994
whitnch01,Chris Whitney,POINT GUARD,28,15.6,18.7,82,2000,1997
williaa01,Aaron Williams,POWER FORWARD,28,17.7,17.8,81,2000,1998
armstda01,Darrell Armstrong,POINT GUARD,30,22.2,22.9,50,1999,1997
childch01,Chris Childs,POINT GUARD,28,16.4,20.7,78,1996,1995
eisleho01,Howard Eisley,POINT GUARD,30,14.1,17.0,82,2003,1995
grantbr01,Brian Grant,CENTER,28,17.5,23.4,82,2001,1995
hillgr01,Grant Hill,SMALL FORWARD,24,25.5,28.3,80,1997,1995
howarju01,Juwan Howard,POWER FORWARD,29,17.2,26.1,77,2003,1995
jonesed02,Eddie Jones,SHOOTING GUARD,28,19.9,23.4,72,2000,1995
kiddja01,Jason Kidd,POINT GUARD,25,22.5,21.4,50,1999,1995
langan02,Antonio Lang,SMALL FORWARD,23,11.5,16.7,41,1996,1996
marshdo01,Donyell Marshall,SMALL FORWARD,27,19.9,21.7,81,2001,1995
martida01,Darrick Martin,POINT GUARD,25,16.9,23.4,82,1997,1996
mcilvji01,Jim McIlvaine,CENTER,24,11.1,11.9,82,1997,1995
mckieaa01,Aaron McKie,SHOOTING GUARD,29,15.8,19.8,48,2002,1995
millean01,Anthony Miller,POWER FORWARD,23,14.7,16.6,46,1995,1995
montrer01,Eric Montross,CENTER,23,12.1,15.0,78,1995,1995
murrala01,Lamond Murray,SMALL FORWARD,24,17.8,22.1,79,1998,1995
persowe01,Wesley Person,SHOOTING GUARD,30,16.3,17.6,78,2002,1995
piatker01,Eric Piatkowski,SHOOTING GUARD,26,18.2,22.8,65,1997,1995
recasel01,Eldridge Recasner,SHOOTING GUARD,30,13.0,18.4,59,1998,1996
reevekh01,Khalid Reeves,POINT GUARD,22,16.9,20.6,67,1995,1995
robingl01,Glenn Robinson,SMALL FORWARD,28,20.1,29.2,76,2001,1995
rogerca01,Carlos Rogers,POWER FORWARD,25,17.0,17.0,56,1997,1995
roseja01,Jalen Rose,SMALL FORWARD,28,17.8,25.5,72,2001,1995
simpkdi01,Dickey Simpkins,CENTER,26,13.4,16.3,50,1999,1995
slatere01,Reggie Slater,POWER FORWARD,30,14.1,17.6,55,2001,1998
stricma01,Mark Strickland,POWER FORWARD,27,17.4,19.4,51,1998,1998
tabakza01,Žan Tabak,CENTER,25,12.4,18.7,67,1996,1996
wardch01,Charlie Ward,POINT GUARD,32,15.9,16.8,66,2003,1996
willimo01,Monty Williams,SMALL FORWARD,25,15.6,22.8,65,1997,1995
alexaco01,Cory Alexander,POINT GUARD,24,14.45,19.7,60,1998,1996
barrybr01,Brent Barry,SHOOTING GUARD,30,19.3,16.2,81,2002,1996
besttr01,Travis Best,POINT GUARD,28,16.7,19.3,77,2001,1996
caffeja01,Jason Caffey,POWER FORWARD,23,14.3,18.3,75,1997,1996
carrch01,Chris Carr,SHOOTING GUARD,22,13.3,18.8,55,1997,1996
declean01,Andrew DeClercq,CENTER,25,14.0,16.6,47,1999,1997
finlemi01,Michael Finley,SMALL FORWARD,24,19.3,25.7,82,1998,1996
garneke01,Kevin Garnett,POWER FORWARD,27,29.4,29.6,82,2004,1996
goldwan01,Anthony Goldwire,POINT GUARD,26,13.6,16.5,82,1998,1996
hendeal01,Alan Henderson,POWER FORWARD,25,18.4,23.9,69,1998,1996
hoibefr01,Fred Hoiberg,SHOOTING GUARD,32,16.7,12.7,76,2005,1997
lenarvo01,Voshon Lenard,SHOOTING GUARD,23,14.7,18.7,73,1997,1997
mcdyean01,Antonio McDyess,POWER FORWARD,26,22.0,26.5,70,2001,1996
ostergr01,Greg Ostertag,CENTER,23,15.3,14.6,77,1997,1996
parksch02,Cherokee Parks,CENTER,25,13.6,15.4,79,1998,1996
ratlith01,Theo Ratliff,POWER FORWARD,25,16.9,17.1,50,1999,1996
reevebr01,Bryant Reeves,CENTER,24,17.3,21.8,74,1998,1996
reiddo01,Don Reid,POWER FORWARD,27,13.1,13.1,65,2001,1996
sabonar01,Arvydas Sabonis,CENTER,31,24.7,25.5,73,1996,1996
smithjo02,Joe Smith,POWER FORWARD,20,17.2,20.6,82,1996,1996
snower01,Eric Snow,POINT GUARD,29,15.6,16.8,82,2003,1996
stackje01,Jerry Stackhouse,SHOOTING GUARD,26,21.8,35.2,80,2001,1996
stoudda01,Damon Stoudamire,POINT GUARD,23,18.1,25.3,81,1997,1996
surabo01,Bob Sura,POINT GUARD,28,17.1,20.5,78,2002,1996
thomaku01,Kurt Thomas,POWER FORWARD,28,16.9,18.5,77,2001,1996
trentga01,Gary Trent,POWER FORWARD,24,20.8,26.0,45,1999,1996
wallara01,Rasheed Wallace,POWER FORWARD,26,20.9,23.4,77,2001,1996
willico02,Corliss Williamson,SMALL FORWARD,28,20.0,29.8,78,2002,1996
willier01,Eric Williams,SMALL FORWARD,31,13.45,20.4,71,2004,1996
abdursh01,Shareef Abdur-Rahim,SMALL FORWARD,21,21.1,28.4,82,1998,1997
allenra02,Ray Allen,SHOOTING GUARD,25,22.9,24.4,82,2001,1997
andersh01,Shandon Anderson,SHOOTING GUARD,24,15.7,19.5,82,1998,1997
bowenbr01,Bruce Bowen,SMALL FORWARD,26,11.0,13.4,61,1998,1998
bryanko01,Kobe Bryant,SHOOTING GUARD,27,28.0,38.7,80,2006,1997
cambyma01,Marcus Camby,CENTER,26,20.9,17.0,63,2001,1997
dampier01,Erick Dampier,CENTER,28,20.1,17.8,74,2004,1997
davisem01,Emanual Davis,SHOOTING GUARD,32,11.8,14.7,62,2001,1998
delkto01,Tony Delk,SHOOTING GUARD,31,15.1,23.6,56,2005,1997
fishede01,Derek Fisher,POINT GUARD,31,14.8,20.2,82,2006,1997
garrede01,Dean Garrett,CENTER,30,17.7,13.3,68,1997,1997
hamda01,Darvin Ham,SMALL FORWARD,28,9.7,13.5,70,2002,1998
harriot01,Othella Harrington,POWER FORWARD,25,16.1,21.8,41,1999,1997
iversal01,Allen Iverson,POINT GUARD,30,25.9,35.8,72,2006,1997
kittlke01,Kerry Kittles,SHOOTING GUARD,28,18.3,19.1,65,2003,1997
knightr01,Travis Knight,CENTER,22,14.1,14.3,71,1997,1997
livinra01,Randy Livingston,POINT GUARD,24,11.4,20.1,79,2000,1997
malonma01,Matt Maloney,POINT GUARD,25,12.3,14.8,82,1997,1997
marbust01,Stephon Marbury,POINT GUARD,23,22.7,29.7,67,2001,1997
mccarwa01,Walter McCarty,SMALL FORWARD,23,11.6,17.7,82,1998,1998
mcinnje01,Jeff McInnis,POINT GUARD,26,15.6,18.2,81,2001,2001
nashst01,Steve Nash,POINT GUARD,32,23.8,22.9,76,2007,1997
norrimo01,Moochie Norris,POINT GUARD,27,16.2,16.8,82,2001,2001
onealje01,Jermaine O'Neal,POWER FORWARD,26,22.9,36.2,44,2005,1997
potapvi01,Vitaly Potapenko,CENTER,24,13.8,20.0,79,2000,1997
rosema01,Malik Rose,POWER FORWARD,24,19.7,24.6,47,1999,1997
stricer01,Erick Strickland,SHOOTING GUARD,26,16.5,20.0,68,2000,1998
walkean02,Antoine Walker,POWER FORWARD,24,18.9,29.1,81,2001,1997
walkesa01,Samaki Walker,POWER FORWARD,25,14.5,12.9,69,2002,1997
wallabe01,Ben Wallace,CENTER,27,18.6,10.5,80,2002,1998
wallajo01,John Wallace,SMALL FORWARD,24,15.9,27.4,48,1999,1997
willije01,Jerome Williams,POWER FORWARD,25,18.2,14.8,50,1999,1998
wrighlo02,Lorenzen Wright,CENTER,25,15.7,23.2,71,2001,1997
abdulta01,Tariq Abdul-Wahad,SHOOTING GUARD,25,12.600000000000001,21.5,61,2000,1998
anderde01,Derek Anderson,SHOOTING GUARD,26,17.1,21.9,82,2001,1998
battito01,Tony Battie,CENTER,22,15.5,14.1,50,1999,1998
billuch01,Chauncey Billups,POINT GUARD,31,23.6,23.0,78,2008,1998
brunsri01,Rick Brunson,POINT GUARD,29,12.2,15.6,59,2002,2002
catoke01,Kelvin Cato,CENTER,25,15.9,15.7,65,2000,1998
crawfch01,Chris Crawford,POWER FORWARD,28,15.8,21.8,56,2004,1999
croshau01,Austin Croshere,POWER FORWARD,24,16.7,21.1,81,2000,2000
daniean01,Antonio Daniels,POINT GUARD,28,19.7,16.5,71,2004,1998
duncati01,Tim Duncan,POWER FORWARD,27,27.1,29.7,69,2004,1998
fortsda01,Danny Fortson,POWER FORWARD,23,20.1,21.0,55,2000,1998
foylead01,Adonal Foyle,CENTER,27,15.3,11.0,82,2003,1998
fundela01,Lawrence Funderburke,POWER FORWARD,28,18.5,18.4,47,1999,1998
hudsotr01,Troy Hudson,POINT GUARD,25,15.3,25.8,81,2002,2000
ilgauzy01,Zydrunas Ilgauskas,CENTER,30,21.9,24.6,78,2006,1998
jacksbo01,Bobby Jackson,SHOOTING GUARD,30,19.2,26.8,50,2004,1998
johnsan02,Anthony Johnson,POINT GUARD,30,14.3,16.5,63,2005,1998
knighbr01,Brevin Knight,POINT GUARD,29,18.0,18.7,66,2005,1998
mcgratr01,Tracy McGrady,SHOOTING GUARD,23,30.3,35.2,75,2003,1998
mercero01,Ron Mercer,SHOOTING GUARD,24,14.8,24.8,61,2001,1998
ollieke01,Kevin Ollie,POINT GUARD,30,13.75,14.8,82,2003,2001
parkean01,Anthony Parker,SHOOTING GUARD,31,14.5,15.7,73,2007,2007
pollasc01,Scot Pollard,CENTER,24,15.8,12.6,76,2000,2000
popema01,Mark Pope,POWER FORWARD,29,7.3,12.7,45,2002,2001
stewami01,Michael Stewart,CENTER,22,12.9,11.9,81,1998,1998
tayloma01,Maurice Taylor,POWER FORWARD,21,16.1,26.1,71,1998,1998
thomati01,Tim Thomas,POWER FORWARD,23,16.4,21.3,76,2001,1998
vanhoke01,Keith Van Horn,POWER FORWARD,23,19.6,28.5,42,1999,1998
vaughja01,Jacque Vaughn,POINT GUARD,26,13.1,14.8,82,2002,1998
willial02,Alvin Williams,POINT GUARD,28,16.7,19.7,78,2003,1998
bibbymi01,Mike Bibby,POINT GUARD,25,19.3,22.9,82,2004,1999
boykiea01,Earl Boykins,POINT GUARD,26,17.6,20.1,68,2003,2002
cartevi01,Vince Carter,SMALL FORWARD,24,25.0,30.7,75,2001,1999
clarkke01,Keon Clark,CENTER,26,16.7,21.2,81,2002,2000
davisri01,Ricky Davis,SHOOTING GUARD,23,16.1,27.1,79,2003,1999
doleami01,Michael Doleac,CENTER,21,13.7,19.1,49,1999,1999
drewbr01,Bryce Drew,POINT GUARD,27,12.4,13.4,61,2002,2000
garripa01,Pat Garrity,POWER FORWARD,25,12.3,16.1,80,2002,2000
harprma01,Matt Harpring,SMALL FORWARD,26,19.3,23.9,78,2003,1999
harrial01,Al Harrington,POWER FORWARD,29,16.8,26.8,72,2010,2000
hughela01,Larry Hughes,SHOOTING GUARD,26,21.6,26.6,61,2005,1999
jamesje01,Jerome James,CENTER,27,13.1,21.3,51,2003,2002
jamisan01,Antawn Jamison,SMALL FORWARD,27,21.2,20.7,82,2004,1999
jonesda01,Damon Jones,POINT GUARD,28,15.5,15.6,82,2005,2000
lafrera01,Raef LaFrentz,CENTER,24,17.6,18.6,78,2001,2000
lewisra02,Rashard Lewis,SMALL FORWARD,27,20.7,24.4,60,2007,2000
luety01,Tyronn Lue,POINT GUARD,28,15.5,20.4,51,2006,2002
marksse01,Sean Marks,CENTER,33,8.8,12.6,60,2009,2009
mccoyje01,Jelani McCoy,CENTER,22,13.2,15.5,58,2000,2000
millebr01,Brad Miller,CENTER,28,20.7,17.4,56,2005,2000
moblecu01,Cuttino Mobley,SHOOTING GUARD,25,17.7,24.3,79,2001,1999
mohamna01,Nazr Mohammed,CENTER,32,19.6,21.3,58,2010,2001
mooremi01,Mikki Moore,CENTER,31,14.8,16.2,79,2007,2001
nestera01,Rasho Nesterović,CENTER,31,16.1,17.4,71,2008,2000
nowitdi01,Dirk Nowitzki,POWER FORWARD,27,28.1,30.0,81,2006,1999
olowomi01,Michael Olowokandi,CENTER,26,12.4,20.1,80,2002,1999
patteru01,Ruben Patterson,SMALL FORWARD,25,19.3,23.3,76,2001,2000
piercpa01,Paul Pierce,SMALL FORWARD,28,23.6,31.2,79,2006,1999
skinnbr01,Brian Skinner,POWER FORWARD,26,15.4,15.1,77,2003,2002
stepavl01,Vladimir Stepania,CENTER,25,13.9,18.7,67,2002,2002
stojape01,Peja Stojaković,SMALL FORWARD,26,21.8,23.9,81,2004,1999
traylro01,Robert Traylor,CENTER,21,17.0,16.9,49,1999,1999
wellsbo01,Bonzi Wells,SMALL FORWARD,24,18.8,23.3,75,2001,2000
whiteja01,Jahidi White,CENTER,23,15.7,18.4,80,2000,2000
willija02,Jason Williams,POINT GUARD,27,17.1,20.3,76,2003,1999
willish01,Shammond Williams,POINT GUARD,25,15.4,17.9,69,2001,2000
alstora01,Rafer Alston,POINT GUARD,28,16.5,21.2,80,2005,2002
artesro01,Metta World Peace,SMALL FORWARD,28,18.8,25.5,57,2008,2000
atkinch01,Chucky Atkins,POINT GUARD,32,17.4,21.4,75,2007,2000
bendejo01,Jonathan Bender,SMALL FORWARD,22,13.3,18.4,46,2003,2001
boothca01,Calvin Booth,CENTER,24,16.799999999999997,16.75,55,2001,2001
bowenry01,Ryan Bowen,SMALL FORWARD,25,13.3,12.0,57,2001,2000
brandel01,Elton Brand,POWER FORWARD,26,26.5,27.7,79,2006,2000
buckngr01,Greg Buckner,SHOOTING GUARD,28,13.7,11.4,70,2005,2000
cartean01,Anthony Carter,POINT GUARD,32,12.8,13.8,70,2008,2000
davisba01,Baron Davis,POINT GUARD,27,21.0,26.5,63,2007,2000
fosteje01,Jeff Foster,CENTER,27,16.2,11.8,82,2004,2001
francst01,Steve Francis,POINT GUARD,23,21.6,24.2,80,2001,2000
georgde01,Devean George,SMALL FORWARD,24,12.6,16.4,82,2002,2000
glovedi01,Dion Glover,SHOOTING GUARD,24,13.5,20.1,76,2003,2001
griffad01,Adrian Griffin,SHOOTING GUARD,27,14.2,13.8,58,2002,2000
hamilri01,Richard Hamilton,SHOOTING GUARD,24,18.7,31.3,82,2003,2000
jonesju01,Jumaine Jones,SMALL FORWARD,21,14.2,17.6,65,2001,2001
maggeco01,Corey Maggette,POWER FORWARD,30,20.3,26.7,70,2010,2000
mariosh01,Shawn Marion,POWER FORWARD,27,23.6,22.3,81,2006,2000
millean02,Andre Miller,POINT GUARD,25,21.8,22.6,81,2002,2000
odomla01,Lamar Odom,POWER FORWARD,31,19.4,19.7,82,2011,2000
padgesc01,Scott Padgett,POWER FORWARD,27,15.6,17.7,58,2004,2000
palacmi01,Milt Palacio,POINT GUARD,26,12.5,16.8,80,2005,2000
poseyja01,James Posey,SHOOTING GUARD,27,18.8,18.9,82,2004,2000
ruffimi01,Michael Ruffin,CENTER,31,12.1,7.7,46,2008,2000
szczewa02,Wally Szczerbiak,SMALL FORWARD,28,17.65,21.9,72,2006,2000
terryja01,Jason Terry,SHOOTING GUARD,31,19.3,25.5,74,2009,2000
thomake01,Kenny Thomas,POWER FORWARD,24,16.4,20.9,72,2002,2000
bellra01,Raja Bell,SHOOTING GUARD,29,12.9,16.4,79,2006,2002
blounma01,Mark Blount,CENTER,28,16.0,16.1,82,2004,2001
cardibr01,Brian Cardinal,POWER FORWARD,26,19.4,18.9,76,2004,2004
cleavma01,Mateen Cleaves,POINT GUARD,23,9.0,20.5,78,2001,2001
crawfja01,Jamal Crawford,SHOOTING GUARD,29,18.4,25.8,79,2010,2001
doolike01,Keyon Dooling,POINT GUARD,27,14.1,19.6,72,2008,2001
fizerma01,Marcus Fizer,POWER FORWARD,23,14.2,25.9,76,2002,2001
gilled01,Eddie Gill,POINT GUARD,27,9.9,24.5,41,2006,2005
hamilze01,Zendon Hamilton,CENTER,28,15.9,16.3,46,2004,2002
hartja01,Jason Hart,POINT GUARD,26,16.9,17.9,74,2005,2004
houseed01,Eddie House,SHOOTING GUARD,26,15.433333333333332,20.4,68,2005,2001
jacksma02,Marc Jackson,CENTER,26,16.1,20.5,48,2001,2001
jacksst02,Stephen Jackson,SMALL FORWARD,25,16.1,25.0,80,2004,2001
johnsde03,DerMarr Johnson,SHOOTING GUARD,24,14.0,17.4,71,2005,2001
madsema01,Mark Madsen,POWER FORWARD,26,12.7,13.2,59,2002,2001
magloja01,Jamaal Magloire,CENTER,23,18.8,20.0,82,2002,2001
martike01,Kenyon Martin,POWER FORWARD,26,18.7,25.0,65,2004,2001
masonde01,Desmond Mason,SMALL FORWARD,26,15.7,21.8,82,2004,2001
medvest01,Stanislav Medvedenko,CENTER,22,15.6,23.0,71,2002,2002
mihmch01,Chris Mihm,CENTER,25,15.7,18.8,75,2005,2001
milesda01,Darius Miles,SMALL FORWARD,22,15.65,21.450000000000003,79,2004,2001
millemi01,Mike Miller,SHOOTING GUARD,25,17.2,21.3,74,2006,2001
nailole01,Lee Nailon,SMALL FORWARD,29,14.5,24.2,68,2005,2001
najered01,Eduardo Nájera,POWER FORWARD,25,14.8,13.5,62,2002,2002
newblir01,Ira Newble,SMALL FORWARD,28,11.7,13.7,73,2003,2002
petermo01,Morris Peterson,SMALL FORWARD,24,15.3,21.3,63,2002,2001
przybjo01,Joel Przybilla,CENTER,25,15.5,12.6,76,2005,2002
reddmi01,Michael Redd,SMALL FORWARD,27,22.3,29.5,53,2007,2002
richaqu01,Quentin Richardson,SHOOTING GUARD,21,17.4,23.3,81,2002,2001
stevede01,DeShawn Stevenson,SHOOTING GUARD,25,12.9,17.6,82,2007,2002
swiftst01,Stromile Swift,POWER FORWARD,24,19.2,22.8,77,2004,2001
tsakaja01,Jake Tsakalidis,CENTER,26,17.3,16.1,51,2006,2001
turkohe01,Hedo Türkoğlu,SMALL FORWARD,28,17.8,24.8,82,2008,2001
voskuja01,Jake Voskuhl,CENTER,24,13.9,14.4,59,2002,2002
allenma01,Malik Allen,POWER FORWARD,27,11.5,19.2,54,2006,2003
anderch01,Chris Andersen,CENTER,32,19.0,13.5,45,2011,2003
arenagi01,Gilbert Arenas,POINT GUARD,25,24.0,31.4,74,2007,2002
arroyca01,Carlos Arroyo,POINT GUARD,24,16.8,23.7,71,2004,2003
battish01,Shane Battier,SMALL FORWARD,25,15.3,15.5,79,2004,2002
bellch01,Charlie Bell,SHOOTING GUARD,26,14.7,17.5,59,2006,2006
brezepr01,Primož Brezec,CENTER,25,16.1,18.7,72,2005,2005
brownkw01,Kwame Brown,POWER FORWARD,21,15.7,17.3,74,2004,2002
chandty01,Tyson Chandler,CENTER,32,20.1,12.8,75,2015,2002
claxtsp01,Speedy Claxton,POINT GUARD,25,17.3,20.9,60,2004,2002
collija03,Jarron Collins,CENTER,23,11.5,15.0,70,2002,2002
collija04,Jason Collins,CENTER,23,10.7,13.5,77,2002,2002
curryed01,Eddy Curry,CENTER,20,17.5,23.6,81,2003,2002
dalemsa01,Samuel Dalembert,CENTER,31,18.6,18.7,47,2013,2004
diopde01,DeSagana Diop,CENTER,26,11.9,9.95,79,2008,2003
evansma01,Maurice Evans,SHOOTING GUARD,27,14.0,17.0,80,2006,2005
gasolpa01,Pau Gasol,CENTER,26,24.1,25.3,59,2007,2002
hassetr01,Trenton Hassell,SHOOTING GUARD,22,10.4,16.0,78,2002,2002
haywobr01,Brendan Haywood,CENTER,28,18.3,17.3,80,2008,2002
huntest01,Steven Hunter,CENTER,23,14.7,14.0,76,2005,2002
jamesmi01,Mike James,POINT GUARD,30,19.8,25.0,79,2006,2003
jefferi01,Richard Jefferson,SMALL FORWARD,25,18.9,22.1,78,2006,2002
johnsjo02,Joe Johnson,SHOOTING GUARD,25,19.5,28.3,57,2007,2002
kirilan01,Andrei Kirilenko,POWER FORWARD,23,24.4,21.3,41,2005,2002
murphtr01,Troy Murphy,POWER FORWARD,29,18.0,18.8,72,2010,2002
parketo01,Tony Parker,POINT GUARD,26,23.4,31.7,72,2009,2002
radmavl01,Vladimir Radmanović,POWER FORWARD,23,15.1,19.5,77,2004,2002
randoza01,Zach Randolph,POWER FORWARD,25,22.8,33.1,68,2007,2002
richaja01,Jason Richardson,SHOOTING GUARD,25,19.2,27.6,75,2006,2002
scalabr01,Brian Scalabrine,POWER FORWARD,26,11.0,17.2,54,2005,2003
simmobo01,Bobby Simmons,SMALL FORWARD,24,16.1,21.0,75,2005,2004
thomaet01,Etan Thomas,CENTER,25,16.4,17.9,79,2004,2002
tinslja01,Jamaal Tinsley,POINT GUARD,25,16.4,17.5,52,2004,2002
wallage01,Gerald Wallace,SMALL FORWARD,23,21.3,19.3,55,2006,2002
watsoea01,Earl Watson,POINT GUARD,26,15.05,20.35,70,2006,2002
woodslo01,Loren Woods,CENTER,26,11.3,14.6,45,2005,2002
boozeca01,Carlos Boozer,POWER FORWARD,25,24.1,26.5,74,2007,2003
brownde02,Devin Brown,SHOOTING GUARD,26,14.6,19.5,67,2005,2004
butleca01,Caron Butler,SMALL FORWARD,27,20.7,24.0,58,2008,2003
butlera01,Rasual Butler,SMALL FORWARD,24,14.0,20.0,45,2004,2003
dickada01,Dan Dickau,POINT GUARD,29,12.5,17.2,67,2008,2003
dixonju01,Juan Dixon,SHOOTING GUARD,26,15.2,23.1,63,2005,2003
elyme01,Melvin Ely,POWER FORWARD,27,14.3,20.1,57,2006,2003
evansre01,Reggie Evans,POWER FORWARD,26,13.5,14.8,66,2007,2003
gadzuda01,Dan Gadzuric,CENTER,26,18.1,15.8,81,2005,2003
ginobma01,Manu Ginóbili,SHOOTING GUARD,30,24.3,28.7,74,2008,2003
giricgo01,Gordan Giriček,SMALL FORWARD,26,14.149999999999999,22.55,73,2004,2003
goodedr01,Drew Gooden,POWER FORWARD,23,19.7,21.7,82,2005,2003
hilarne01,Nenê,CENTER,28,20.4,18.8,75,2011,2003
jaricma01,Marko Jarić,SMALL FORWARD,24,14.4,19.5,66,2003,2003
jeffrja01,Jared Jeffries,POWER FORWARD,24,11.6,13.4,77,2006,2004
jonesfr01,Fred Jones,SHOOTING GUARD,25,13.3,18.0,77,2005,2004
masonro01,Roger Mason,POINT GUARD,27,13.8,18.9,80,2008,2007
mingya01,Yao Ming,CENTER,26,26.5,33.5,48,2007,2003
murraro01,Ronald Murray,POINT GUARD,24,15.4,26.7,82,2004,2004
nachbbo01,Boštjan Nachbar,SMALL FORWARD,26,14.5,19.3,76,2007,2004
okurme01,Mehmet Okur,POWER FORWARD,26,19.0,23.5,82,2006,2003
pargoja01,Jannero Pargo,POINT GUARD,32,13.6,21.8,50,2012,2006
princta01,Tayshaun Prince,SMALL FORWARD,24,16.2,18.8,82,2005,2003
rushka01,Kareem Rush,SHOOTING GUARD,23,10.4,18.2,72,2004,2003
salmojo01,John Salmons,SMALL FORWARD,29,16.0,21.049999999999997,79,2009,2003
stoudam01,Amar'e Stoudemire,CENTER,25,27.6,28.2,79,2008,2003
wilcoch01,Chris Wilcox,POWER FORWARD,28,18.0,18.9,57,2011,2003
wilksmi01,Mike Wilks,POINT GUARD,27,12.7,16.2,47,2007,2003
anthoca01,Carmelo Anthony,POWER FORWARD,28,24.8,35.6,67,2013,2004
banksma01,Marcus Banks,POINT GUARD,23,12.3,17.2,81,2005,2004
barbole01,Leandro Barbosa,SHOOTING GUARD,26,19.4,24.2,70,2009,2004
barnema02,Matt Barnes,SMALL FORWARD,31,15.5,16.4,63,2012,2005
blakest01,Steve Blake,POINT GUARD,25,14.5,15.8,68,2006,2004
boganke01,Keith Bogans,SMALL FORWARD,23,11.0,14.5,73,2004,2004
boshch01,Chris Bosh,CENTER,25,25.0,28.7,70,2010,2004
carroma01,Matt Carroll,SHOOTING GUARD,26,14.6,19.9,72,2007,2006
cookbr01,Brian Cook,POWER FORWARD,25,15.6,18.3,81,2006,2005
daniema01,Marquis Daniels,SHOOTING GUARD,23,20.1,20.6,56,2004,2004
diawbo01,Boris Diaw,POWER FORWARD,23,17.3,17.9,81,2006,2004
duprero01,Ronald Dupree,SMALL FORWARD,24,11.8,16.9,47,2005,2004
elsonfr01,Francisco Elson,CENTER,27,11.2,12.7,62,2004,2004
fordtj01,T.J. Ford,POINT GUARD,24,20.3,26.8,51,2008,2004
greenwi01,Willie Green,SHOOTING GUARD,30,13.9,19.5,53,2012,2004
hasleud01,Udonis Haslem,POWER FORWARD,24,15.5,14.9,80,2005,2004
hayesja01,Jarvis Hayes,SMALL FORWARD,26,13.0,21.1,82,2008,2004
hinriki01,Kirk Hinrich,POINT GUARD,26,17.0,21.6,80,2007,2004
howarjo01,Josh Howard,SMALL FORWARD,26,20.0,25.2,70,2007,2004
jamesle01,LeBron James,SMALL FORWARD,24,31.7,33.8,81,2009,2004
johnsli01,Linton Johnson,POWER FORWARD,26,14.0,14.8,54,2007,2004
jonesda02,Dahntay Jones,SHOOTING GUARD,30,13.7,21.4,45,2011,2005
jonesja02,James Jones,SMALL FORWARD,27,13.6,14.8,58,2008,2005
kamanch01,Chris Kaman,CENTER,25,17.5,21.7,56,2008,2004
kaponja01,Jason Kapono,SMALL FORWARD,25,13.8,17.9,67,2007,2004
korveky01,Kyle Korver,SHOOTING GUARD,33,14.8,14.4,75,2015,2004
milicda01,Darko Miličić,POWER FORWARD,21,13.8,18.7,80,2007,2006
outlatr01,Travis Outlaw,POWER FORWARD,23,15.7,26.0,82,2008,2005
pachuza01,Zaza Pachulia,CENTER,33,17.0,17.0,69,2018,2004
pavloal01,Sasha Pavlović,SHOOTING GUARD,23,12.1,19.1,67,2007,2004
perkike01,Kendrick Perkins,CENTER,25,15.0,17.6,78,2010,2005
pietrmi01,Mickaël Piétrus,SMALL FORWARD,22,14.2,22.5,67,2005,2004
ridnolu01,Luke Ridnour,POINT GUARD,28,17.7,22.0,82,2010,2004
songada01,Darius Songaila,POWER FORWARD,26,14.9,16.2,81,2005,2004
udokaim01,Ime Udoka,SMALL FORWARD,29,12.1,13.7,75,2007,2007
wadedw01,Dwyane Wade,SHOOTING GUARD,27,30.4,36.2,79,2009,2004
waltolu01,Luke Walton,SMALL FORWARD,26,14.7,16.8,60,2007,2004
westda01,David West,CENTER,37,20.9,21.7,73,2018,2004
willima01,Mo Williams,POINT GUARD,26,17.2,23.4,81,2009,2004
allento01,Tony Allen,SHOOTING GUARD,29,18.3,19.9,72,2011,2005
arizatr01,Trevor Ariza,SHOOTING GUARD,21,16.2,19.2,57,2007,2005
biedran01,Andris Biedriņš,CENTER,21,19.2,14.4,76,2008,2006
bonnema01,Matt Bonner,POWER FORWARD,26,16.4,20.3,56,2007,2005
childjo01,Josh Childress,SMALL FORWARD,24,17.8,15.8,76,2008,2005
collini01,Nick Collison,CENTER,24,15.0,15.5,82,2005,2005
delfica01,Carlos Delfino,SHOOTING GUARD,25,13.6,19.0,82,2008,2006
denglu01,Luol Deng,SMALL FORWARD,21,18.7,22.2,82,2007,2005
duhonch01,Chris Duhon,POINT GUARD,23,12.9,15.0,74,2006,2005
gordobe01,Ben Gordon,SHOOTING GUARD,23,18.2,29.3,82,2007,2005
harride01,Devin Harris,POINT GUARD,25,21.6,28.4,69,2009,2005
howardw01,Dwight Howard,CENTER,25,26.1,27.2,78,2011,2005
humphkr01,Kris Humphries,POWER FORWARD,28,18.2,19.0,69,2014,2005
iguodan01,Andre Iguodala,SMALL FORWARD,24,19.0,23.8,82,2008,2005
iveyro01,Royal Ivey,SHOOTING GUARD,28,9.7,15.2,44,2010,2005
jeffeal01,Al Jefferson,CENTER,24,23.1,28.9,50,2009,2005
krstine01,Nenad Krstić,POWER FORWARD,22,14.4,21.6,80,2006,2005
livinsh01,Shaun Livingston,POINT GUARD,28,14.5,16.1,76,2014,2006
martike02,Kevin Martin,SHOOTING GUARD,27,21.4,29.6,80,2011,2005
mbengdj01,D.J. Mbenga,CENTER,25,13.4,16.7,43,2006,2006
nelsoja01,Jameer Nelson,POINT GUARD,26,20.6,23.2,42,2009,2005
nocioan01,Andrés Nocioni,POWER FORWARD,26,16.1,21.3,82,2006,2005
okafoem01,Emeka Okafor,CENTER,24,20.1,19.1,67,2007,2005
rossqu01,Quinton Ross,SHOOTING GUARD,25,10.5,12.2,81,2007,2005
smithjo03,Josh Smith,POWER FORWARD,26,21.1,28.4,66,2012,2005
smithjr01,J.R. Smith,SHOOTING GUARD,22,18.1,25.8,74,2008,2005
telfase01,Sebastian Telfair,POINT GUARD,26,13.2,22.3,60,2012,2005
udrihbe01,Beno Udrih,POINT GUARD,27,15.7,18.6,79,2010,2005
varejan01,Anderson Varejão,POWER FORWARD,22,17.0,14.4,54,2005,2005
vujacsa01,Sasha Vujačić,SHOOTING GUARD,23,15.1,19.8,72,2008,2006
westde01,Delonte West,POINT GUARD,28,15.3,20.4,44,2012,2006
wilkida02,Damien Wilkins,SMALL FORWARD,26,13.1,17.4,82,2006,2006
wrighdo01,Dorell Wright,SMALL FORWARD,27,16.0,18.7,79,2013,2007
anderal01,Alan Anderson,SMALL FORWARD,30,12.6,23.6,65,2013,2013
barroea01,Earl Barron,CENTER,26,9.4,22.0,46,2008,2008
bassbr01,Brandon Bass,POWER FORWARD,31,19.7,19.7,52,2017,2008
blatcan01,Andray Blatche,CENTER,26,21.9,26.5,82,2013,2007
bogutan01,Andrew Bogut,CENTER,25,20.7,23.3,69,2010,2006
bynuman01,Andrew Bynum,CENTER,24,22.9,23.8,60,2012,2006
bynumwi01,Will Bynum,POINT GUARD,26,17.4,27.9,57,2009,2009
caldejo01,José Calderón,POINT GUARD,26,20.5,16.8,82,2008,2006
dioguik01,Ike Diogu,POWER FORWARD,23,15.95,22.950000000000003,59,2007,2006
ellismo01,Monta Ellis,SHOOTING GUARD,22,19.0,21.7,81,2008,2006
feltora01,Raymond Felton,POINT GUARD,26,16.0,20.55,75,2011,2006
fryech01,Channing Frye,CENTER,22,18.1,24.2,65,2006,2006
garcifr01,Francisco García,SMALL FORWARD,26,15.1,20.7,79,2008,2006
gomesry01,Ryan Gomes,POWER FORWARD,25,15.7,19.5,82,2008,2006
grahajo01,Joey Graham,SMALL FORWARD,24,12.9,17.4,79,2007,2006
grahast01,Stephen Graham,SHOOTING GUARD,27,11.2,17.6,70,2010,2009
grangda01,Danny Granger,SMALL FORWARD,25,21.8,29.6,67,2009,2006
greenge01,Gerald Green,SHOOTING GUARD,28,16.5,23.6,82,2014,2007
hayesch01,Chuck Hayes,CENTER,27,16.2,13.0,74,2011,2007
headlu01,Luther Head,SHOOTING GUARD,24,13.7,18.6,80,2007,2006
jackja01,Jarrett Jack,POINT GUARD,28,17.9,23.3,45,2012,2006
johnsam01,Amir Johnson,POWER FORWARD,23,17.6,15.3,72,2011,2008
kleizli01,Linas Kleiza,SMALL FORWARD,23,14.4,18.9,79,2008,2006
leeda02,David Lee,CENTER,26,22.2,23.8,81,2010,2006
lucasjo02,John Lucas III,POINT GUARD,29,16.3,26.0,49,2012,2007
maxieja01,Jason Maxiell,CENTER,24,16.7,17.0,82,2008,2007
milescj01,C.J. Miles,SHOOTING GUARD,26,16.0,22.0,51,2014,2008
obertfa01,Fabricio Oberto,POWER FORWARD,32,13.8,10.9,82,2008,2006
paulch01,Chris Paul,POINT GUARD,23,30.0,27.5,78,2009,2006
petrojo01,Johan Petro,CENTER,21,11.6,16.7,81,2007,2006
poweljo01,Josh Powell,CENTER,25,10.7,15.7,64,2008,2008
pricero01,Ronnie Price,POINT GUARD,24,12.3,19.1,61,2008,2007
randosh01,Shavlik Randolph,POWER FORWARD,22,12.6,14.0,57,2006,2006
robinna01,Nate Robinson,POINT GUARD,24,18.9,25.6,74,2009,2006
turiaro01,Ronny Turiaf,CENTER,24,15.5,15.7,72,2007,2007
villach01,Charlie Villanueva,POWER FORWARD,24,18.6,28.5,78,2009,2006
wafervo01,Von Wafer,SHOOTING GUARD,23,14.7,23.6,63,2009,2009
warriha01,Hakim Warrick,POWER FORWARD,26,16.9,22.0,82,2009,2006
webstma02,Martell Webster,SMALL FORWARD,26,13.9,16.9,76,2013,2006
willide01,Deron Williams,POINT GUARD,24,21.1,24.7,68,2009,2006
willilo02,Lou Williams,SHOOTING GUARD,32,21.2,32.4,75,2019,2007
willima02,Marvin Williams,POWER FORWARD,29,16.8,16.8,81,2016,2006
wrighan01,Antoine Wright,SHOOTING GUARD,23,8.65,15.149999999999999,56,2008,2007
aldrila01,LaMarcus Aldridge,CENTER,32,25.0,29.1,75,2018,2007
amundlo01,Lou Amundson,POWER FORWARD,27,14.4,14.6,79,2010,2009
armsthi01,Hilton Armstrong,CENTER,22,12.2,13.6,56,2007,2007
balkmre01,Renaldo Balkman,POWER FORWARD,24,16.8,14.9,53,2009,2007
bareajo01,J.J. Barea,POINT GUARD,33,17.8,24.9,69,2018,2008
bargnan01,Andrea Bargnani,CENTER,25,16.4,28.2,66,2011,2007
brewero02,Ronnie Brewer,SHOOTING GUARD,22,18.4,17.5,76,2008,2007
brownsh01,Shannon Brown,SHOOTING GUARD,25,13.6,22.2,82,2011,2009
farmajo01,Jordan Farmar,POINT GUARD,21,15.4,20.2,82,2008,2007
foyera01,Randy Foye,POINT GUARD,23,14.0,22.9,82,2007,2007
gayru01,Rudy Gay,SMALL FORWARD,28,19.7,27.0,68,2015,2007
gibsoda01,Daniel Gibson,SHOOTING GUARD,24,13.2,19.7,67,2011,2007
holliry01,Ryan Hollins,CENTER,24,13.3,15.7,45,2009,2008
ilyaser01,Ersan İlyasova,POWER FORWARD,24,20.5,20.1,60,2012,2007
jonesso01,Solomon Jones,POWER FORWARD,22,12.3,12.8,58,2007,2007
lowryky01,Kyle Lowry,POINT GUARD,30,22.9,24.9,60,2017,2008
millspa01,Paul Millsap,POWER FORWARD,26,21.8,23.2,64,2012,2007
novakst01,Steve Novak,POWER FORWARD,28,15.9,16.2,54,2012,2009
quinnch01,Chris Quinn,POINT GUARD,24,13.8,16.6,60,2008,2007
redicjj01,J.J. Redick,SHOOTING GUARD,31,17.5,22.6,75,2016,2007
rondora01,Rajon Rondo,POINT GUARD,23,19.1,20.2,81,2010,2007
roybr01,Brandon Roy,SHOOTING GUARD,24,24.0,27.4,78,2009,2007
sefolth01,Thabo Sefolosha,SMALL FORWARD,30,13.8,14.6,52,2015,2007
smithcr01,Craig Smith,POWER FORWARD,25,16.9,22.5,74,2009,2007
thomaty01,Tyrus Thomas,CENTER,24,18.2,24.9,41,2011,2007
tuckepj01,P.J. Tucker,SMALL FORWARD,28,13.3,14.2,81,2014,2013
willima03,Marcus Williams,POINT GUARD,21,11.5,25.0,79,2007,2007
willish02,Shelden Williams,POWER FORWARD,25,14.1,19.1,45,2009,2007
willish03,Shawne Williams,SMALL FORWARD,21,12.8,21.3,65,2008,2007
afflaar01,Arron Afflalo,SHOOTING GUARD,28,16.0,23.3,73,2014,2008
anthojo01,Joel Anthony,CENTER,32,14.7,9.1,49,2015,2009
belinma01,Marco Belinelli,SMALL FORWARD,27,15.0,19.0,80,2014,2009
breweco01,Corey Brewer,SMALL FORWARD,26,14.7,23.4,82,2013,2008
brookaa01,Aaron Brooks,POINT GUARD,25,16.0,25.7,82,2010,2008
chandwi01,Wilson Chandler,POWER FORWARD,25,16.6,22.7,43,2013,2009
conlemi01,Mike Conley,POINT GUARD,29,23.2,26.3,69,2017,2008
cookda02,Daequan Cook,SHOOTING GUARD,23,12.8,15.7,43,2011,2008
davisgl01,Glen Davis,POWER FORWARD,26,13.2,22.4,61,2012,2008
dudleja01,Jared Dudley,SMALL FORWARD,25,15.6,16.9,82,2011,2008
duranke01,Kevin Durant,SMALL FORWARD,25,29.8,33.0,81,2014,2008
gortama01,Marcin Gortat,CENTER,27,21.2,20.8,66,2012,2009
grayaa01,Aaron Gray,CENTER,23,13.9,22.0,61,2008,2008
greenje02,Jeff Green,POWER FORWARD,26,15.0,22.2,81,2013,2008
hawessp01,Spencer Hawes,POWER FORWARD,28,16.700000000000003,19.950000000000003,54,2017,2008
horfoal01,Al Horford,CENTER,28,21.4,22.2,76,2015,2008
landrca01,Carl Landry,POWER FORWARD,24,21.4,18.8,42,2008,2008
mahinia01,Ian Mahinmi,CENTER,29,16.6,15.7,71,2016,2011
mcguido01,Dominic McGuire,POWER FORWARD,26,11.8,11.8,64,2012,2008
mcrobjo01,Josh McRoberts,POWER FORWARD,23,16.0,14.7,72,2011,2010
noahjo01,Joakim Noah,CENTER,28,20.0,18.7,80,2014,2008
scolalu01,Luis Scola,POWER FORWARD,30,18.4,25.7,74,2011,2008
sessira01,Ramon Sessions,POINT GUARD,24,19.0,24.2,81,2011,2009
smithja02,Jason Smith,CENTER,26,16.8,23.4,51,2013,2008
stuckro01,Rodney Stuckey,POINT GUARD,24,18.4,24.5,70,2011,2008
watsocj01,C.J. Watson,POINT GUARD,30,15.4,18.8,57,2015,2009
wrighbr03,Brandan Wright,CENTER,26,23.5,17.4,58,2014,2012
youngni01,Nick Young,SHOOTING GUARD,28,16.0,26.8,64,2014,2008
youngth01,Thaddeus Young,POWER FORWARD,23,18.9,21.5,63,2012,2008
ajincal01,Alexis Ajinça,CENTER,26,19.9,21.1,68,2015,2014
anderry01,Ryan Anderson,POWER FORWARD,23,21.2,21.2,61,2012,2009
arthuda01,Darrell Arthur,POWER FORWARD,22,15.7,21.6,80,2011,2009
augusdj01,D.J. Augustin,POINT GUARD,23,15.9,21.2,82,2011,2009
batumni01,Nicolas Batum,SMALL FORWARD,23,17.3,20.5,59,2012,2009
bayleje01,Jerryd Bayless,SHOOTING GUARD,21,14.3,24.9,74,2010,2009
beaslmi01,Michael Beasley,POWER FORWARD,28,17.8,25.3,56,2017,2009
chalmma01,Mario Chalmers,POINT GUARD,27,14.0,17.4,73,2014,2009
douglch01,Chris Douglas-Roberts,SHOOTING GUARD,22,12.2,18.7,44,2009,2009
dragigo01,Goran Dragić,SHOOTING GUARD,27,21.4,24.5,76,2014,2009
gallida01,Danilo Gallinari,SMALL FORWARD,30,21.0,23.8,68,2019,2010
gasolma01,Marc Gasol,CENTER,30,21.7,24.6,81,2015,2009
gordoer01,Eric Gordon,SHOOTING GUARD,22,18.5,26.5,56,2011,2009
hibbero01,Roy Hibbert,CENTER,25,19.3,21.1,65,2012,2009
hicksjj01,J.J. Hickson,CENTER,24,19.7,19.9,80,2013,2009
hillge01,George Hill,POINT GUARD,28,21.5,23.8,43,2015,2009
jordade01,DeAndre Jordan,CENTER,28,21.8,15.3,81,2017,2009
koufoko01,Kosta Koufos,CENTER,28,17.5,15.2,71,2018,2009
leeco01,Courtney Lee,SHOOTING GUARD,28,14.05,17.75,79,2014,2009
lopezbr01,Brook Lopez,CENTER,24,24.7,28.6,74,2013,2009
lopezro01,Robin Lopez,CENTER,24,18.9,20.0,82,2013,2009
loveke01,Kevin Love,POWER FORWARD,25,26.9,28.8,77,2014,2009
martica01,Cartier Martin,SMALL FORWARD,29,12.100000000000001,13.9,59,2014,2011
mayooj01,O.J. Mayo,SHOOTING GUARD,24,14.7,23.9,66,2012,2009
mbahalu01,Luc Mbah a Moute,POWER FORWARD,25,13.9,15.1,43,2012,2009
mcgeeja01,JaVale McGee,CENTER,29,25.2,23.8,77,2017,2009
morroan01,Anthony Morrow,SHOOTING GUARD,29,14.8,16.5,74,2015,2009
randoan01,Anthony Randolph,POWER FORWARD,19,16.9,21.7,63,2009,2009
rosede01,Derrick Rose,POINT GUARD,22,23.5,32.2,81,2011,2009
rushbr01,Brandon Rush,SMALL FORWARD,26,15.2,15.4,65,2012,2009
speigma01,Marreese Speights,CENTER,27,19.5,29.1,76,2015,2009
thompja02,Jason Thompson,POWER FORWARD,25,16.4,15.5,64,2012,2009
tollian01,Anthony Tolliver,POWER FORWARD,32,13.9,14.8,79,2018,2010
westbru01,Russell Westbrook,POINT GUARD,28,30.6,41.7,81,2017,2009
whitedj01,D.J. White,POWER FORWARD,24,13.899999999999999,17.200000000000003,47,2011,2011
blairde01,DeJuan Blair,POWER FORWARD,20,17.7,20.8,82,2010,2010
budinch01,Chase Budinger,SMALL FORWARD,23,14.9,19.5,58,2012,2010
carrode01,DeMarre Carroll,SMALL FORWARD,28,15.9,16.9,70,2015,2010
casspom01,Omri Casspi,SMALL FORWARD,29,15.5,16.3,53,2018,2010
clarkea01,Earl Clark,POWER FORWARD,25,12.4,15.7,59,2013,2010
collida01,Darren Collison,POINT GUARD,30,18.8,17.4,69,2018,2010
cunnida01,Dante Cunningham,POWER FORWARD,24,14.9,13.6,64,2012,2010
curryst01,Stephen Curry,POINT GUARD,27,31.5,32.6,79,2016,2010
dayeau01,Austin Daye,SMALL FORWARD,22,13.0,18.6,72,2011,2010
derozde01,DeMar DeRozan,SHOOTING GUARD,27,24.0,34.3,74,2017,2010
douglto01,Toney Douglas,SHOOTING GUARD,24,15.2,20.1,81,2011,2010
ellinwa01,Wayne Ellington,SHOOTING GUARD,29,12.6,17.9,62,2017,2010
evansty01,Tyreke Evans,POINT GUARD,28,21.1,28.4,52,2018,2010
geeal01,Alonzo Gee,SHOOTING GUARD,24,13.2,18.7,63,2012,2011
gibsota01,Taj Gibson,POWER FORWARD,33,17.8,17.2,70,2019,2010
greenda02,Danny Green,SHOOTING GUARD,27,16.5,17.5,81,2015,2012
hansbty01,Tyler Hansbrough,POWER FORWARD,25,16.4,23.1,70,2011,2011
hardeja01,James Harden,POINT GUARD,29,30.6,40.5,78,2019,2010
hilljo01,Jordan Hill,POWER FORWARD,26,19.3,19.7,72,2014,2010
holidjr01,Jrue Holiday,POINT GUARD,25,19.7,28.9,65,2016,2010
ibakase01,Serge Ibaka,POWER FORWARD,24,19.6,19.8,81,2014,2010
jennibr01,Brandon Jennings,POINT GUARD,25,19.7,26.3,41,2015,2010
jerebjo01,Jonas Jerebko,POWER FORWARD,25,15.7,20.2,49,2013,2010
johnsja01,James Johnson,SMALL FORWARD,26,18.5,20.0,52,2014,2010
lawsoty01,Ty Lawson,POINT GUARD,24,19.4,21.2,61,2012,2010
matthwe02,Wesley Matthews,SHOOTING GUARD,28,16.1,19.8,60,2015,2010
meeksjo01,Jodie Meeks,SHOOTING GUARD,26,14.7,19.1,77,2014,2010
millspa02,Patty Mills,POINT GUARD,25,18.7,22.6,81,2014,2011
pendeje02,Jeff Ayres,POWER FORWARD,27,14.4,16.3,51,2015,2014
priceaj01,A.J. Price,POINT GUARD,23,14.0,22.7,56,2010,2010
teaguje01,Jeff Teague,POINT GUARD,26,20.6,25.3,73,2015,2010
templga01,Garrett Temple,SHOOTING GUARD,30,11.2,14.2,65,2017,2013
thornma01,Marcus Thornton,SHOOTING GUARD,22,17.4,25.3,73,2010,2010
aldrico01,Cole Aldrich,CENTER,27,21.3,18.4,60,2016,2013
aminual01,Al-Farouq Aminu,SMALL FORWARD,24,14.4,15.2,74,2015,2011
asikom01,Ömer Aşık,CENTER,28,15.5,14.0,76,2015,2011
babbilu01,Luke Babbitt,SMALL FORWARD,26,11.6,17.5,47,2016,2013
bledser01,Eric Bledsoe,POINT GUARD,27,20.5,28.1,66,2017,2011
booketr01,Trevor Booker,POWER FORWARD,29,15.7,18.7,71,2017,2011
bradlav01,Avery Bradley,SHOOTING GUARD,26,14.4,21.9,55,2017,2012
couside01,DeMarcus Cousins,CENTER,23,26.1,32.7,71,2014,2011
crawfjo02,Jordan Crawford,SHOOTING GUARD,23,14.5,28.1,64,2012,2011
davised01,Ed Davis,POWER FORWARD,25,20.0,14.8,79,2015,2011
evansje01,Jeremy Evans,SMALL FORWARD,23,18.8,14.9,49,2011,2011
favorde01,Derrick Favors,POWER FORWARD,23,21.8,23.8,74,2015,2011
georgpa01,Paul George,SMALL FORWARD,28,23.3,29.5,77,2019,2011
griffbl01,Blake Griffin,POWER FORWARD,24,23.9,29.0,80,2014,2011
haywago01,Gordon Hayward,SMALL FORWARD,26,22.2,27.6,73,2017,2011
johnsch04,Chris Johnson,SMALL FORWARD,25,8.2,13.6,70,2016,2016
johnswe01,Wesley Johnson,SMALL FORWARD,27,11.1,16.4,76,2015,2011
linje01,Jeremy Lin,POINT GUARD,26,15.6,21.9,74,2015,2013
monrogr01,Greg Monroe,CENTER,28,35.13333333333333,29.5,43,2019,2011
mozgoti01,Timofey Mozgov,CENTER,27,16.7,18.8,82,2014,2011
nealga01,Gary Neal,SHOOTING GUARD,27,14.2,21.7,56,2012,2011
pattepa01,Patrick Patterson,POWER FORWARD,21,16.7,16.1,52,2011,2011
pekovni01,Nikola Peković,CENTER,26,21.4,21.9,47,2012,2011
pondequ01,Quincy Pondexter,SMALL FORWARD,30,13.2,13.5,53,2019,2011
sandela01,Larry Sanders,CENTER,24,18.7,16.9,71,2013,2011
serapke01,Kevin Séraphin,CENTER,22,15.8,18.2,57,2012,2011
smithis01,Ish Smith,POINT GUARD,29,15.4,20.8,82,2018,2011
splitti01,Tiago Splitter,CENTER,27,20.5,20.7,59,2012,2011
stephla01,Lance Stephenson,SHOOTING GUARD,23,14.7,19.4,78,2014,2012
turneev01,Evan Turner,SHOOTING GUARD,27,13.6,18.8,81,2016,2011
udohek01,Ekpe Udoh,CENTER,31,20.9,13.1,51,2019,2011
vasqugr01,Greivis Vásquez,POINT GUARD,26,16.3,23.0,78,2013,2011
walljo01,John Wall,POINT GUARD,26,23.2,30.6,78,2017,2011
whiteha01,Hassan Whiteside,CENTER,25,26.2,21.1,48,2015,2015
allenla01,Lavoy Allen,CENTER,25,14.9,15.2,63,2015,2012
biyombi01,Bismack Biyombo,CENTER,22,15.2,11.6,64,2015,2012
burksal01,Alec Burks,SHOOTING GUARD,22,15.8,23.9,78,2014,2012
butleji01,Jimmy Butler,SMALL FORWARD,27,25.1,26.5,76,2017,2012
coleno01,Norris Cole,POINT GUARD,26,11.25,18.15,75,2015,2012
farieke01,Kenneth Faried,POWER FORWARD,22,21.9,18.7,46,2012,2012
fredeji01,Jimmer Fredette,SHOOTING GUARD,23,14.6,23.9,69,2013,2012
harrito02,Tobias Harris,POWER FORWARD,25,17.2,23.35,80,2018,2012
irvinky01,Kyrie Irving,POINT GUARD,25,25.0,31.0,60,2018,2012
jacksre01,Reggie Jackson,POINT GUARD,25,19.6,29.1,79,2016,2012
josepco01,Cory Joseph,POINT GUARD,23,15.5,17.0,79,2015,2014
kanteen01,Enes Kanter,CENTER,23,24.0,23.4,82,2016,2012
knighbr03,Brandon Knight,POINT GUARD,22,16.5,26.8,72,2014,2012
leonaka01,Kawhi Leonard,SMALL FORWARD,25,27.6,31.1,74,2017,2012
leuerjo01,Jon Leuer,POWER FORWARD,24,17.6,21.1,49,2014,2012
macksh01,Shelvin Mack,POINT GUARD,25,14.3,25.35,52,2016,2012
mooreet01,E'Twaun Moore,SHOOTING GUARD,27,12.1,17.4,73,2017,2013
morrima02,Markieff Morris,POWER FORWARD,24,18.4,23.2,81,2014,2012
morrima03,Marcus Morris,SMALL FORWARD,24,14.8,19.9,82,2014,2013
parsoch01,Chandler Parsons,SMALL FORWARD,26,16.3,20.6,66,2015,2012
rubiori01,Ricky Rubio,POINT GUARD,25,17.6,17.7,76,2016,2012
shumpim01,Iman Shumpert,SHOOTING GUARD,22,11.7,15.6,45,2013,2012
thomais02,Isaiah Thomas,POINT GUARD,27,26.5,34.0,76,2017,2012
thomala01,Lance Thomas,POWER FORWARD,27,10.4,16.9,59,2016,2012
thompkl01,Klay Thompson,SHOOTING GUARD,24,20.8,27.6,77,2015,2012
thomptr01,Tristan Thompson,CENTER,27,18.4,17.7,43,2019,2012
vucevni01,Nikola Vučević,CENTER,28,25.5,28.0,80,2019,2012
walkeke02,Kemba Walker,POINT GUARD,28,21.7,31.5,82,2019,2012
willide02,Derrick Williams,SMALL FORWARD,24,17.2,23.3,80,2016,2012
acyqu01,Quincy Acy,POWER FORWARD,25,14.7,13.1,59,2016,2014
barneha02,Harrison Barnes,POWER FORWARD,24,16.3,25.3,79,2017,2013
bartowi01,Will Barton,SHOOTING GUARD,27,16.2,20.7,81,2018,2013
baynear01,Aron Baynes,CENTER,29,17.8,18.5,81,2016,2014
bazemke01,Kent Bazemore,SHOOTING GUARD,28,14.5,22.5,65,2018,2013
bealbr01,Bradley Beal,SHOOTING GUARD,25,20.8,28.4,82,2019,2013
beverpa01,Patrick Beverley,POINT GUARD,24,15.4,15.4,41,2013,2013
crowdja01,Jae Crowder,SMALL FORWARD,25,15.8,18.5,73,2016,2013
davisan02,Anthony Davis,POWER FORWARD,21,30.8,27.8,68,2015,2013
drumman01,Andre Drummond,CENTER,25,23.4,22.9,79,2019,2013
fournev01,Evan Fournier,SMALL FORWARD,25,15.5,23.3,57,2018,2014
greendr01,Draymond Green,POWER FORWARD,25,19.3,18.8,81,2016,2013
harklma01,Maurice Harkless,SMALL FORWARD,22,13.3,15.6,78,2016,2013
hensojo01,John Henson,CENTER,25,18.6,19.1,57,2016,2013
holidju01,Justin Holiday,SHOOTING GUARD,27,12.7,16.9,82,2017,2015
jenkijo01,John Jenkins,SHOOTING GUARD,21,13.0,18.7,61,2013,2013
joneste01,Terrence Jones,POWER FORWARD,22,19.1,18.3,76,2014,2014
kiddgmi01,Michael Kidd-Gilchrist,SMALL FORWARD,21,15.1,18.4,55,2015,2013
lambje01,Jeremy Lamb,SHOOTING GUARD,26,17.3,22.5,79,2019,2014
leoname01,Meyers Leonard,CENTER,26,15.8,14.8,61,2019,2013
lillada01,Damian Lillard,POINT GUARD,27,25.2,30.6,73,2018,2013
middlkh01,Khris Middleton,SMALL FORWARD,26,17.4,24.6,82,2018,2014
motiedo01,Donatas Motiejūnas,POWER FORWARD,24,14.4,19.1,71,2015,2013
oquinky01,Kyle O'Quinn,CENTER,26,20.5,18.5,79,2017,2013
plumlmi01,Miles Plumlee,CENTER,27,17.4,15.5,61,2016,2014
riverau01,Austin Rivers,SHOOTING GUARD,25,12.6,20.6,61,2018,2013
rosste01,Terrence Ross,SHOOTING GUARD,27,15.4,23.9,81,2019,2013
scottmi01,Mike Scott,POWER FORWARD,25,15.3,23.5,80,2014,2014
singlky01,Kyle Singler,SMALL FORWARD,25,11.8,14.0,82,2014,2013
teletmi01,Mirza Teletović,POWER FORWARD,30,16.2,23.4,79,2016,2013
valanjo01,Jonas Valančiūnas,CENTER,26,24.4,28.65,49,2019,2013
waitedi01,Dion Waiters,SHOOTING GUARD,25,14.5,26.3,46,2017,2013
zellety01,Tyler Zeller,CENTER,25,18.9,19.6,82,2015,2013
adamsst01,Steven Adams,CENTER,24,20.6,16.7,76,2018,2014
antetgi01,Giannis Antetokounmpo,POWER FORWARD,24,30.9,32.3,72,2019,2014
bullore01,Reggie Bullock,SMALL FORWARD,26,13.6,15.7,62,2018,2014
burketr01,Trey Burke,POINT GUARD,26,16.75,24.450000000000003,58,2019,2014
caldwke01,Kentavious Caldwell-Pope,SHOOTING GUARD,24,13.2,16.9,74,2018,2014
canaais01,Isaiah Canaan,POINT GUARD,23,12.3,21.2,47,2015,2015
cartemi01,Michael Carter-Williams,POINT GUARD,22,15.5,25.7,70,2014,2014
clarkia01,Ian Clark,SHOOTING GUARD,25,13.1,19.5,77,2017,2016
covinro01,Robert Covington,SMALL FORWARD,24,14.7,21.8,70,2015,2015
crabbal01,Allen Crabbe,SHOOTING GUARD,25,12.3,19.0,75,2018,2015
danietr01,Troy Daniels,SHOOTING GUARD,24,14.9,20.4,43,2016,2015
dedmode01,Dewayne Dedmon,CENTER,26,17.0,15.2,58,2016,2015
dellama01,Matthew Dellavedova,POINT GUARD,25,11.3,15.9,76,2016,2014
dienggo01,Gorgui Dieng,CENTER,29,18.1,19.6,76,2019,2014
goberru01,Rudy Gobert,CENTER,26,24.6,17.8,81,2019,2014
hardati02,Tim Hardaway Jr.,SHOOTING GUARD,24,15.2,22.5,79,2017,2014
hillso01,Solomon Hill,SMALL FORWARD,24,12.2,13.2,59,2016,2015
lenal01,Alex Len,CENTER,24,19.4,17.0,69,2018,2014
mccolcj01,CJ McCollum,SHOOTING GUARD,25,19.9,27.5,80,2017,2015
mclembe01,Ben McLemore,SHOOTING GUARD,21,10.4,17.2,82,2015,2014
muscami01,Mike Muscala,CENTER,25,14.4,14.8,70,2017,2016
oladivi01,Victor Oladipo,SHOOTING GUARD,25,23.1,30.1,75,2018,2014
olynyke01,Kelly Olynyk,POWER FORWARD,26,17.8,21.7,76,2018,2014
plumlma01,Mason Plumlee,CENTER,23,19.0,17.1,70,2014,2014
porteot01,Otto Porter,SMALL FORWARD,24,18.3,18.4,77,2018,2015
schrode01,Dennis Schröder,POINT GUARD,24,17.3,30.4,67,2018,2014
snellto01,Tony Snell,SMALL FORWARD,27,10.7,12.9,74,2019,2014
zelleco01,Cody Zeller,CENTER,26,17.2,16.3,49,2019,2014
